imo,ship,build,GT,DWT,size,type
9388819,LIJMILIYA,2009,168189,155159,345 / 55,LNG Tanker
9372743,AL GHUWAIRIYA,2008,168189,154940,345 / 55,LNG Tanker
9388821,AL SAMRIYA,2009,168189,154900,345 / 55,LNG Tanker
9388833,BU SAMRA,2008,163922,130442,345 / 54,LNG Tanker
9431214,ZARGA,2010,163922,130211,345 / 54,LNG Tanker
9443413,RASHEEDA,2010,163922,130208,345 / 54,LNG Tanker
9443401,AAMIRA,2010,163922,130026,345 / 54,LNG Tanker
9337755,MOZAH,2008,163922,130102,345 / 54,LNG Tanker
9397303,MEKAINES,2009,163922,130171,345 / 54,LNG Tanker
9397298,AL MAYEDA,2009,163922,130298,345 / 54,LNG Tanker
9443683,AL DAFNA,2009,163922,130157,345 / 54,LNG Tanker
9418365,SHAGRA,2009,163922,130102,345 / 54,LNG Tanker
9397315,AL MAFYAR,2009,163922,130441,345 / 54,LNG Tanker
9796793,BUSHU MARU,2019,149367,97955,298 / 49,LNG Tanker
9774628,LNG JUNO,2018,149367,97917,298 / 49,LNG Tanker
9796781,NOHSHU MARU,2019,149367,97902,298 / 49,LNG Tanker
9698123,PACIFIC BREEZE,2018,144978,92830,300 / 52,LNG Tanker
9779226,DIAMOND GAS ORCHID,2018,144828,94028,294 / 49,LNG Tanker
9779238,DIAMOND GAS ROSE,2018,144828,94145,294 / 49,LNG Tanker
9810020,DIAMOND GAS SAKURA,2019,144828,87494,294 / 49,LNG Tanker
9540716,GRACE DAHLIA,2013,141671,86512,300 / 52,LNG Tanker
9483877,ENERGY HORIZON,2011,141136,87257,300 / 52,LNG Tanker
9770440,MARVEL HERON,2019,139050,92659,298 / 49,LNG Tanker
9770438,MARVEL CRANE,2019,139049,92799,298 / 49,LNG Tanker
9337951,AL RUWAIS,2007,137535,121823,315 / 50,LNG Tanker
9337975,DUHAIL,2008,137535,121639,315 / 50,LNG Tanker
9337963,AL SAFLIYA,2007,137535,121963,315 / 50,LNG Tanker
9337987,AL GHARIYA,2008,137535,121730,315 / 50,LNG Tanker
9397353,ONAIZA,2009,136980,121939,315 / 50,LNG Tanker
9397341,AL SADD,2009,136980,121913,315 / 50,LNG Tanker
9431135,AL NUAMAN,2009,136980,121910,315 / 50,LNG Tanker
9431123,AL KARAANA,2009,136980,122052,315 / 50,LNG Tanker
9431111,AL KHATTIYA,2009,136980,121946,315 / 50,LNG Tanker
9360831,AL SHEEHANIYA,2009,136980,122006,315 / 50,LNG Tanker
9431147,AL BAHIYA,2010,136980,121957,315 / 50,LNG Tanker
9698111,OCEANIC BREEZE,2018,136894,79883,288 / 49,LNG Tanker
9666558,SEISHU MARU,2014,136740,86414,288 / 49,LNG Tanker
9666560,ESSHU MARU,2014,136740,86455,288 / 49,LNG Tanker
9666998,LNG JUROJIN,2015,136739,86121,288 / 49,LNG Tanker
9696149,LNG SATURN,2016,136739,86044,288 / 49,LNG Tanker
9743875,PACIFIC MIMOSA,2018,136716,86497,288 / 49,LNG Tanker
9645748,LNG MARS,2016,136710,86161,288 / 49,LNG Tanker
9645736,LNG VENUS,2014,136710,86241,288 / 49,LNG Tanker
9360829,UMM AL AMAD,2008,136685,121730,315 / 50,LNG Tanker
9338266,AL AAMRIYA,2008,136685,121935,315 / 50,LNG Tanker
9360817,FRAIHA,2008,136685,121914,306 / 50,LNG Tanker
9360805,MURWAB,2008,136685,121843,315 / 50,LNG Tanker
9360790,AL ORAIQ,2008,136685,122079,315 / 50,LNG Tanker
9337717,AL GHARRAFA,2008,136410,106898,315 / 50,LNG Tanker
9337731,TEMBEK,2007,136410,106896,315 / 50,LNG Tanker
9337705,AL GATTARA,2007,136410,106898,315 / 50,LNG Tanker
9337743,AL HAMLA,2008,136410,106983,315 / 50,LNG Tanker
9360843,AL THUMAMA,2008,136355,104701,315 / 50,LNG Tanker
9360867,AL UTOURIYA,2008,136355,104561,315 / 50,LNG Tanker
9360855,AL SAHLA,2008,136355,104666,315 / 50,LNG Tanker
9397339,AL REKAYYAT,2009,136168,107160,315 / 50,LNG Tanker
9337729,MESAIMEER,2009,136168,107160,315 / 50,LNG Tanker
9397327,AL KHARAITIYAT,2009,136168,107153,315 / 50,LNG Tanker
9774135,LNG SAKURA,2018,135977,82137,300 / 49,LNG Tanker
9791200,SHINSHU MARU,2019,135951,82287,300 / 49,LNG Tanker
9791212,SOHSHU MARU,2019,135951,82254,300 / 49,LNG Tanker
9360893,LNGC AL SHAMAL,2008,135848,109662,315 / 50,LNG Tanker
9360908,AL KHUWAIR,2008,135848,109555,315 / 50,LNG Tanker
9360879,AL HUWAILA,2008,135848,109503,315 / 50,LNG Tanker
9360881,AL KHARSAAH,2008,135848,109484,315 / 50,LNG Tanker
9397286,AL GHASHAMIYA,2009,135423,108988,315 / 50,LNG Tanker
9714290,SERI CEMPAKA,2017,133948,84311,290 / 49,LNG Tanker
9756389,SERI CEMARA,2018,133948,84291,290 / 49,LNG Tanker
9714276,SERI CAMELLIA,2016,133948,84333,290 / 46,LNG Tanker
9714305,SERI CAMAR,2018,133948,84295,290 / 49,LNG Tanker
9714288,SERI CENDERAWASIH,2017,133948,84303,290 / 46,LNG Tanker
9750696,EDUARD TOLL,2017,128975,96840,299 / 50,LNG Tanker
9750713,RUDOLF SAMOYLOVICH,2018,128975,96703,299 / 50,LNG Tanker
9750725,NIKOLAY YEVGENOV,2019,128969,96821,299 / 50,LNG Tanker
9750737,VLADIMIR VORONIN,2019,128969,96840,299 / 50,LNG Tanker
9750749,GEORGIY USHAKOV,2019,128969,96796,299 / 50,LNG Tanker
9750672,YAKOV GAKKEL,2019,128969,96839,299 / 50,LNG Tanker
9759240,MARVEL EAGLE,2018,128917,83571,300 / 49,LNG Tanker
9759252,MARVEL PELICAN,2019,128917,83636,300 / 49,LNG Tanker
9737187,CHRIS. DE MARGERIE,2016,128806,96779,299 / 50,LNG Tanker
9750660,NIKOLAY URVANTSEV,2019,128806,96779,299 / 50,LNG Tanker
9768370,FEDOR LITKE,2017,128806,96839,299 / 50,LNG Tanker
9750701,VLADIMIR RUSANOV,2018,128806,96844,299 / 50,LNG Tanker
9768382,GEORGIY BRUSILOV,2018,128806,96847,299 / 50,LNG Tanker
9750658,VLADIMIR VIZE,2018,128806,96851,299 / 50,LNG Tanker
9768368,BORIS VILKITSKY,2017,128806,96958,299 / 50,LNG Tanker
9886744,CLEAN COPANO,2022,128737,107817,300 / 49,LNG Tanker
9666986,LNG FUKUROKUJU,2016,127242,83809,293 / 49,LNG Tanker
9749609,ENSHU MARU,2018,127088,83708,293 / 49,LNG Tanker
9691137,BISHU MARU,2017,127088,83752,293 / 49,LNG Tanker
9742807,CASTILLO DE MERIDA,2018,126004,93241,287 / 49,LNG Tanker
9742819,CASTILLO DE CALDELAS,2018,126004,93241,297 / 49,LNG Tanker
9621077,PACIFIC ARCADIA,2014,123005,78311,288 / 49,LNG Tanker
9768394,BORIS DAVYDOV,2018,122806,96765,299 / 50,LNG Tanker
9768526,NIKOLAY ZUBOV,2019,122806,96865,299 / 50,LNG Tanker
9376294,CYGNUS PASSAGE,2009,122444,79555,288 / 49,LNG Tanker
9343106,ALTO ACRUX,2008,122361,80229,288 / 49,LNG Tanker
9831220,ADRIANO KNUTSEN,2019,122261,96354,299 / 48,LNG Tanker
9825568,RIAS BAIXAS KNUTSEN,2019,122261,96354,299 / 48,LNG Tanker
9854765,TRAIANO KNUTSEN,2020,122261,96354,299 / 48,LNG Tanker
9338955,GRAND ANIVA,2008,122239,74044,288 / 49,LNG Tanker
9332054,GRAND ELENA,2007,122239,74127,288 / 49,LNG Tanker
9810551,PRISM BRILLIANCE,2019,122166,97494,299 / 48,LNG Tanker
9810549,PRISM AGILITY,2019,122166,97494,299 / 48,LNG Tanker
9888481,PRISM COURAGE,2021,122166,97494,299 / 48,LNG Tanker
9758844,ENERGY UNIVERSE,2019,122142,88700,300 / 49,LNG Tanker
9736092,ENERGY LIBERTY,2018,121982,88676,300 / 49,LNG Tanker
9758832,ENERGY INNOVATOR,2019,121981,88668,300 / 49,LNG Tanker
9752565,ENERGY GLORY,2019,121981,88677,300 / 49,LNG Tanker
9341689,LNG JUPITER,2009,121675,81950,290 / 49,LNG Tanker
9271248,ARCTIC PRINCESS,2006,121597,84878,288 / 49,LNG Tanker
9284192,ARCTIC LADY,2006,121597,84878,288 / 49,LNG Tanker
9341299,LNG BARKA,2008,121514,82308,290 / 49,LNG Tanker
9405588,ENERGY CONFIDENCE,2009,121413,75891,290 / 49,LNG Tanker
9876660,GASLOG WELLINGTON,2021,121389,93695,299 / 46,LNG Tanker
9876737,GASLOG WINCHESTER,2021,121389,93678,299 / 46,LNG Tanker
9853137,GASLOG WALES,2020,120859,93076,297 / 47,LNG Tanker
9816763,GASLOG WARSAW,2019,120859,92996,297 / 47,LNG Tanker
9819650,GASLOG WINDSOR,2020,120709,92764,297 / 47,LNG Tanker
9855812,GASLOG WESTMINSTER,2020,120709,92800,297 / 47,LNG Tanker
9338929,GRAND MEREYA,2008,120525,74497,290 / 49,LNG Tanker
9877145,GAIL BHUWAN,2021,119891,98882,298 / 48,LNG Tanker
9877133,LNG ROSENROT,2021,119891,98936,298 / 48,LNG Tanker
9771913,LNG SCHNEEWEISSCHEN,2018,119660,98747,298 / 48,LNG Tanker
9245720,ENERGY FRONTIER,2003,119393,73795,290 / 49,LNG Tanker
9878711,CELSIUS CHARLOTTE,2021,119338,92253,299 / 46,LNG Tanker
9864784,CELSIUS COPENHAGEN,2020,119338,91838,299 / 46,LNG Tanker
9864796,CELSIUS CANBERRA,2021,119338,91838,299 / 46,LNG Tanker
9878723,CELSIUS CAROLINA,2021,119338,92310,299 / 46,LNG Tanker
9269180,ENERGY ADVANCE,2005,119233,73739,290 / 49,LNG Tanker
9274226,ENERGY PROGRESS,2006,119131,73876,290 / 49,LNG Tanker
9277620,LNG DREAM,2006,118876,80889,290 / 49,LNG Tanker
9355264,ENERGY NAVIGATOR,2008,118842,73640,290 / 49,LNG Tanker
9884473,ELISA AQUILA,2022,118753,95131,297 / 47,LNG Tanker
9403669,TAITAR NO.1,2009,118634,77089,290 / 49,LNG Tanker
9403657,TAITAR NO.4,2010,118634,77053,290 / 49,LNG Tanker
9403671,TAITAR NO.3,2010,118634,77089,290 / 49,LNG Tanker
9403645,TAITAR NO.2,2009,118634,77089,290 / 49,LNG Tanker
9317315,IBRI LNG,2006,118608,77282,290 / 49,LNG Tanker
9294264,NIZWA LNG,2005,118608,77252,290 / 49,LNG Tanker
9275335,ARCTIC VOYAGER,2006,118571,75485,290 / 48,LNG Tanker
9276389,ARCTIC DISCOVERER,2006,118571,75485,290 / 48,LNG Tanker
9275347,LALLA FATMA NSOUMER,2004,118363,80920,290 / 49,LNG Tanker
9852975,ELISA LARUS,2020,118286,95418,297 / 46,LNG Tanker
9275359,FUJI LNG,2004,118219,77351,290 / 49,LNG Tanker
9330745,SYMPHONIC BREEZE,2007,117895,77163,290 / 49,LNG Tanker
9874466,DIAMOND GAS VICTORIA,2021,117564,89760,297 / 46,LNG Tanker
9903920,GRACE FREESIA,2022,117564,89790,297 / 46,LNG Tanker
9874454,DIAMOND GAS CRYSTAL,2021,117564,89686,299 / 46,LNG Tanker
9862487,DIAMOND GMETROPOLIS,2020,117564,89847,297 / 46,LNG Tanker
9781920,YAMAL SPIRIT,2019,117162,91610,294 / 48,LNG Tanker
9781918,SEAPEAK GLASGOW,2018,117162,91546,294 / 48,LNG Tanker
9693173,SK RESOLUTE,2018,117031,94665,292 / 48,LNG Tanker
9693161,SK AUDACE,2017,117031,94665,292 / 48,LNG Tanker
9870525,KOOL ORCA,2021,116779,92969,299 / 46,LNG Tanker
9864746,KOOL FIRN,2020,116779,93025,299 / 46,LNG Tanker
9849887,SCF LA PEROUSE,2020,116779,92923,299 / 46,LNG Tanker
9074652,UMM AL ASHTAN,1997,116703,73100,290 / 48,LNG Tanker
9074626,MUBARAZ,1996,116703,72950,290 / 48,LNG Tanker
9074638,MRAWEH,1996,116703,73040,290 / 48,LNG Tanker
9074640,ALHAMRA,1997,116703,72990,289 / 48,LNG Tanker
9862920,ATTALOS,2021,116581,93321,299 / 46,LNG Tanker
9862906,ARISTIDIS I,2021,116581,93368,299 / 46,LNG Tanker
9862918,ARISTARCHOS,2021,116581,93427,299 / 46,LNG Tanker
9884021,ASKLIPIOS,2021,116581,93352,299 / 46,LNG Tanker
9879698,ADAMASTOS,2021,116581,93566,299 / 46,LNG Tanker
9862891,ARISTOS I,2020,116581,81977,299 / 46,LNG Tanker
9690171,LNG ABALAMABIE,2016,116568,86925,292 / 48,LNG Tanker
9690157,LNG PORT-HARCOURT II,2015,116568,87139,292 / 48,LNG Tanker
9690145,LNG FINIMA II,2015,116568,86867,292 / 48,LNG Tanker
9690169,LNG ABUJA II,2016,116568,87147,292 / 48,LNG Tanker
9845788,BONITO LNG,2020,116542,93535,299 / 46,LNG Tanker
9872901,LNGSHIPS MANHATTAN,2021,116542,93535,299 / 46,LNG Tanker
9869306,COBIA LNG,2021,116542,93535,299 / 46,LNG Tanker
9892456,TENERGY,2022,116542,93649,299 / 46,LNG Tanker
9845764,LA SEINE,2020,116542,93534,299 / 46,LNG Tanker
9872949,LNGSHIPS ATHENA,2021,116542,93534,299 / 46,LNG Tanker
9864667,VIVIT AMERICAS LNG,2020,116542,93534,299 / 46,LNG Tanker
9857377,FLEX AMBER,2020,116430,93624,297 / 46,LNG Tanker
9862475,FLEX VIGILANT,2021,116430,93764,299 / 46,LNG Tanker
9862463,FLEX VOLUNTEER,2021,116430,93624,297 / 46,LNG Tanker
9857365,FLEX AURORA,2020,116430,93775,297 / 46,LNG Tanker
9869265,COOL RACER,2021,116354,93423,299 / 46,LNG Tanker
9861031,COOL DISCOVERER,2020,116354,93668,299 / 46,LNG Tanker
9895238,VIVIRT CITY LNG,2021,116299,92855,299 / 46,LNG Tanker
9872999,HELLAS ATHINA,2021,116284,92955,299 / 46,LNG Tanker
9872987,HELLAS DIANA,2021,116284,93098,299 / 46,LNG Tanker
9721724,LA MANCHA KNUTSEN,2016,116246,92802,284 / 46,LNG Tanker
9721736,RIOJA KNUTSEN,2016,116246,92782,290 / 46,LNG Tanker
9692014,LNG LAGOS II,2016,115995,99025,300 / 46,LNG Tanker
9692002,LNG BONNY II,2015,115995,98954,300 / 46,LNG Tanker
9262235,LNG RIVER NIGER,2006,115993,79541,288 / 48,LNG Tanker
9262211,LNG ADAMAWA,2005,115993,79566,289 / 48,LNG Tanker
9262223,LNG CROSS RIVER,2005,115993,79591,288 / 48,LNG Tanker
9262209,LNG AKWA IBOM,2004,115993,79633,289 / 48,LNG Tanker
9761839,SM SEAHAWK,2017,115716,98064,295 / 46,LNG Tanker
9761827,SM EAGLE,2017,115716,97975,295 / 46,LNG Tanker
9869942,MINERVA KALYMNOS,2021,115636,88235,293 / 46,LNG Tanker
9864916,GASLOG GEORGETOWN,2020,115636,88184,293 / 46,LNG Tanker
9877341,MINERVA CHIOS,2021,115635,88228,293 / 46,LNG Tanker
9880465,GLOBAL SEA SPIRIT,2021,115579,93080,295 / 46,LNG Tanker
9880477,GLOBAL SEALINE,2022,115579,93080,295 / 46,LNG Tanker
9761853,HYUNDAI PEACEPIA,2017,115541,98344,296 / 46,LNG Tanker
9761841,HYUNDAI PRINCEPIA,2017,115541,98344,295 / 46,LNG Tanker
9885996,MOL HESTIA,2021,115540,93799,295 / 46,LNG Tanker
9887217,MARAN GAS AMORGOS,2021,115489,92619,295 / 46,LNG Tanker
9901350,JOHN A.ANGELICOUSSIS,2022,115476,96000,295 / 46,LNG Tanker
9874480,LNG ENTERPRISE,2021,115408,88744,293 / 46,LNG Tanker
9870159,LNG ADVENTURE,2021,115408,88817,293 / 46,LNG Tanker
9893606,LNG ENDEAVOUR,2021,115408,88797,293 / 46,LNG Tanker
9874492,LNG ENDURANCE,2021,115408,88817,293 / 46,LNG Tanker
9874820,ISABELLA,2021,115405,93080,295 / 46,LNG Tanker
9883742,MARAN GAS KALYMNOS,2021,115405,93080,295 / 46,LNG Tanker
9892717,MARAN GAS ITHACA,2021,115405,93080,295 / 46,LNG Tanker
9766578,BRITISH MENTOR,2019,115366,94528,295 / 46,LNG Tanker
9766554,BRITISH CONTRIBUTOR,2018,115366,94558,295 / 46,LNG Tanker
9766542,BRITISH ACHIEVER,2018,115366,94303,295 / 46,LNG Tanker
9766566,BRITISH LISTENER,2019,115366,94494,295 / 46,LNG Tanker
9766580,BRITISH SPONSOR,2019,115366,94360,295 / 46,LNG Tanker
9766530,BRITISH PARTNER,2018,115366,94442,295 / 46,LNG Tanker
9862346,PEARL LNG,2020,115345,88592,293 / 46,LNG Tanker
9875800,LNGSHIPS EMPRESS,2021,115345,88592,293 / 46,LNG Tanker
9851787,QOGIR,2020,115345,88592,293 / 46,LNG Tanker
9863182,DORADO LNG,2020,115345,88592,293 / 46,LNG Tanker
9873840,BW LESMES,2021,115338,94167,295 / 46,LNG Tanker
9873852,BW HELIOS,2021,115338,93985,295 / 46,LNG Tanker
9889904,ORION SEA,2022,115311,88592,293 / 46,LNG Tanker
9709037,FLEX RAINBOW,2018,115174,88684,293 / 46,LNG Tanker
9709025,FLEX RANGER,2018,115174,88684,293 / 46,LNG Tanker
9744025,GASLOG GLADSTONE,2019,115024,87955,293 / 46,LNG Tanker
9744013,GASLOG GENOA,2018,115024,88016,293 / 46,LNG Tanker
9750220,PAN ASIA,2017,114996,88613,290 / 47,LNG Tanker
9750232,PAN AMERICAS,2018,114996,88425,290 / 47,LNG Tanker
9750256,PAN AFRICA,2019,114996,88438,290 / 47,LNG Tanker
9750244,PAN EUROPE,2018,114996,88613,290 / 47,LNG Tanker
9880192,MARVEL SWAN,2021,114931,88831,293 / 46,LNG Tanker
9888766,ORION STAR,2022,114864,88779,293 / 46,LNG Tanker
9878876,MU LAN,2021,114790,91387,294 / 45,LNG Tanker
9834325,LNG MEGREZ,2020,114790,91430,295 / 45,LNG Tanker
9834313,LNG PHECDA,2020,114790,91712,295 / 45,LNG Tanker
9834296,LNG DUBHE,2019,114790,91588,295 / 45,LNG Tanker
9834301,LNG MERAK,2020,114790,91451,295 / 45,LNG Tanker
9878888,GUI YING,2021,114790,91497,295 / 45,LNG Tanker
9766889,PATRIS,2018,114758,95743,295 / 46,LNG Tanker
9785158,KINISIS,2018,114758,95673,295 / 46,LNG Tanker
9850678,BW PAVILIONARANTHERA,2020,114622,95788,295 / 46,LNG Tanker
9850666,BW MAGNOLIA,2020,114622,95547,295 / 46,LNG Tanker
9748904,GASLOG HONGKONG,2018,114470,92266,290 / 46,LNG Tanker
9851634,FLEX ARTEMIS,2020,114380,95450,295 / 46,LNG Tanker
9851646,FLEX RESOLUTE,2020,114380,95450,295 / 46,LNG Tanker
9862308,FLEX FREEDOM,2021,114380,95488,295 / 46,LNG Tanker
9758064,BW TULIP,2018,114364,95785,295 / 46,LNG Tanker
9758076,BW LILAC,2018,114364,95978,295 / 46,LNG Tanker
9792606,BW PAVILION ARANDA,2019,114355,95876,295 / 46,LNG Tanker
9216303,LNG SOKOTO,2002,114354,79822,289 / 48,LNG Tanker
9216298,LNG RIVERS,2002,114354,79885,289 / 48,LNG Tanker
9241267,LNG BAYELSA,2003,114354,79822,289 / 48,LNG Tanker
9361639,SPIRIT OF HELA,2010,114277,87130,298 / 46,LNG Tanker
9360922,GIGIRA LAITEBO,2010,114277,87194,298 / 46,LNG Tanker
9902914,SM BLUEBIRD,2022,114221,95641,299 / 46,LNG Tanker
9854624,ENERGY ENDEAVOUR,2021,114195,94649,295 / 46,LNG Tanker
9881201,ENERGY INTELLIGENCE,2021,114195,94649,295 / 46,LNG Tanker
9859739,ENERGY INTEGRITY,2021,114195,94648,295 / 46,LNG Tanker
9854612,ENERGY PACIFIC,2020,114195,94648,295 / 46,LNG Tanker
9904209,HUELVA KNUTSEN,2022,114180,83742,299 / 47,LNG Tanker
9904170,SANTANDER KNUTSEN,2022,114180,95548,299 / 47,LNG Tanker
9613161,KUMUL,2016,114166,96311,290 / 47,LNG Tanker
9613135,PAPUA,2015,114166,96319,290 / 47,LNG Tanker
9760770,MARVEL HAWK,2018,114084,89432,293 / 46,LNG Tanker
9760768,MARVEL FALCON,2018,114084,89431,293 / 46,LNG Tanker
9760782,MARVEL KITE,2019,114084,89266,293 / 46,LNG Tanker
9885855,MINERVA AMORGOS,2022,114000,88235,293 / 46,LNG Tanker
9155145,HYUNDAI TECHNOPIA,1999,113998,77584,289 / 48,LNG Tanker
9155157,HYUNDAI COSMOPIA,2000,113998,77591,289 / 48,LNG Tanker
9630028,PSKOV,2014,113876,93152,300 / 46,LNG Tanker
9630004,VELIKIY NOVGOROD,2014,113876,93486,300 / 46,LNG Tanker
9654880,KOOL BOREAS,2015,113876,93585,300 / 46,LNG Tanker
9654878,KOOL BALTIC,2015,113876,93508,300 / 46,LNG Tanker
9859741,GLOBAL STAR,2021,113822,94732,295 / 46,LNG Tanker
9844863,MARAN GAS PSARA,2020,113822,94732,295 / 46,LNG Tanker
9845013,GLOBAL ENERGY,2020,113822,94732,295 / 46,LNG Tanker
9854375,MINERVA LIMNOS,2021,113817,94834,295 / 46,LNG Tanker
9854363,MINERVA PSARA,2021,113817,94834,295 / 46,LNG Tanker
9810379,MARAN GAS ANDROS,2019,113793,94638,295 / 46,LNG Tanker
9767962,MARAN GAS HYDRA,2019,113763,94945,295 / 46,LNG Tanker
9753026,WOODSIDE CHANEY,2019,113763,94945,295 / 46,LNG Tanker
9753014,MARAN GAS CHIOS,2019,113763,94945,295 / 46,LNG Tanker
9767950,MARAN GAS SPETSES,2018,113763,94945,295 / 46,LNG Tanker
9659725,MARIA ENERGY,2016,113664,93301,290 / 46,LNG Tanker
9705641,MUREX,2017,113557,95452,295 / 46,LNG Tanker
9705653,MACOMA,2017,113557,95253,295 / 46,LNG Tanker
9770945,MEGARA,2018,113534,95452,295 / 46,LNG Tanker
9770933,MYRINA,2018,113534,95378,295 / 46,LNG Tanker
9770921,MAGDALA,2018,113534,95449,295 / 46,LNG Tanker
9682576,MARAN GAS LETO,2016,113502,92846,290 / 46,LNG Tanker
9709489,MARAN GAS PERICLES,2016,113502,92776,290 / 46,LNG Tanker
9682588,MARAN GAS ACHILLES,2016,113502,92713,290 / 46,LNG Tanker
9682605,MARAN GAS HECTOR,2016,113502,92640,290 / 46,LNG Tanker
9709491,MARAN GAS ULYSSES,2017,113502,92621,290 / 46,LNG Tanker
9682590,MARAN GAS AGAMEMNON,2016,113502,92762,290 / 46,LNG Tanker
9825427,FLEX CONSTELLATION,2019,113428,95453,295 / 46,LNG Tanker
9825439,FLEX COURAGEOUS,2019,113428,95618,295 / 46,LNG Tanker
9672832,CESI QINGDAO,2017,113397,95641,290 / 46,LNG Tanker
9672820,CESI GLADSTONE,2016,113397,95638,290 / 46,LNG Tanker
9672818,CESI LIANYUNGANG,2018,113397,95713,290 / 46,LNG Tanker
9694751,CESI WENZHOU,2018,113397,95530,290 / 46,LNG Tanker
9672844,CESI BEIHAI,2017,113397,95599,290 / 46,LNG Tanker
9771080,SEAPEAK BAHRAIN,2018,113274,95289,295 / 46,LNG Tanker
9721401,SEAPEAK VANCOUVER,2017,113263,95253,295 / 46,LNG Tanker
9681699,OAK SPIRIT,2016,113263,95452,295 / 46,LNG Tanker
9681687,SEAPEAK CREOLE,2016,113263,95452,295 / 46,LNG Tanker
9762261,FLEX ENDEAVOUR,2018,113049,95803,295 / 46,LNG Tanker
9732371,MARAN GAS OLYMPIAS,2017,113037,95194,292 / 46,LNG Tanker
9701229,MARAN GAS ROXANA,2017,113037,95194,295 / 46,LNG Tanker
9701217,MARAN GAS AMPHIPOLIS,2016,113037,95194,295 / 46,LNG Tanker
9732369,MARAN GAS VERGINA,2016,113037,95194,295 / 46,LNG Tanker
9761267,OUGARTA,2017,112867,94575,291 / 46,LNG Tanker
9761243,TESSALA,2016,112867,94575,291 / 46,LNG Tanker
9723801,PRACHI,2016,112791,90328,295 / 46,LNG Tanker
9707508,GASLOG GENEVA,2016,112764,87760,291 / 46,LNG Tanker
9707510,GASLOG GIBRALTAR,2016,112764,87981,291 / 46,LNG Tanker
9687021,GASLOG GLASGOW,2016,112764,87889,291 / 46,LNG Tanker
9687019,GASLOG GREECE,2016,112764,87975,291 / 46,LNG Tanker
9200316,LNG JAMAL,2000,112090,72692,290 / 46,LNG Tanker
9165011,GOLAR MAZO,2000,111835,76210,290 / 47,LNG Tanker
9433717,CASTILLO SANTISTEBAN,2010,111665,93796,300 / 46,LNG Tanker
9247962,PACIFIC NOTUS,2003,111553,72490,290 / 46,LNG Tanker
9264910,LNG PRIMA CARRIER,2006,111539,72571,290 / 46,LNG Tanker
9210828,XINHANG ENERGY,2002,111461,72758,290 / 46,LNG Tanker
9253222,SHANDONG JUNIPER,2004,111459,72727,290 / 46,LNG Tanker
9236614,GALEA,2002,111459,72781,290 / 46,LNG Tanker
9210816,SOHAR LNG,2001,111203,71997,298 / 46,LNG Tanker
9085637,DOHA,1999,111184,72337,298 / 46,LNG Tanker
9132791,AL JASRA,2000,111168,72218,298 / 46,LNG Tanker
9265500,DUKHAN,2004,111162,72533,298 / 46,LNG Tanker
9086734,AL RAYYAN,1997,111128,72430,298 / 46,LNG Tanker
9132741,AL BIDDA,1999,111124,72462,298 / 46,LNG Tanker
9086746,AL WAKRAH,1998,111124,72453,298 / 46,LNG Tanker
9132818,ZEKREET,1998,111124,72316,298 / 46,LNG Tanker
9085651,BROOG,1998,111123,72339,298 / 46,LNG Tanker
9477593,RIBERA DUERO KNUTSEN,2010,111109,96740,290 / 46,LNG Tanker
9085649,AL ZUBARAH,1996,111079,72557,298 / 46,LNG Tanker
9401295,BARCELONA KNUTSEN,2010,110920,97730,290 / 46,LNG Tanker
9414632,SEVILLA KNUTSEN,2010,110920,97730,290 / 46,LNG Tanker
9434266,VALENCIA KNUTSEN,2010,110920,97730,290 / 46,LNG Tanker
9038440,AL KHAZNAH,1994,110895,71543,293 / 46,LNG Tanker
9038452,GHASHA,1995,110895,71593,293 / 46,LNG Tanker
9035852,SHAHAMAH,1994,110895,71931,293 / 46,LNG Tanker
9413327,STENA CLEAR SKY,2011,109949,96811,298 / 46,LNG Tanker
9383900,STENA CRYSTAL SKY,2011,109949,96889,298 / 46,LNG Tanker
8706155,EKAPUTRA 1,1990,109281,78988,290 / 46,LNG Tanker
9516129,METHANE BECKI ANNE,2010,109004,86269,291 / 45,LNG Tanker
9412880,METHANE JULIA LOUISE,2010,109004,86125,290 / 45,LNG Tanker
9425277,M. PATRICIA CAMILA,2010,109004,86272,291 / 45,LNG Tanker
9331672,SERI BALQIS,2009,107633,91198,295 / 46,LNG Tanker
9331660,SERI BALHAF,2009,107633,91201,295 / 46,LNG Tanker
9649328,ENERGY ATLANTIC,2015,106771,89766,290 / 46,LNG Tanker
8701791,LNG MALEO,1989,106717,66892,272 / 47,LNG Tanker
9006681,TORMAN II,1993,106151,67554,272 / 47,LNG Tanker
9501186,ADAM LNG,2014,105975,90986,289 / 46,LNG Tanker
9640437,BW PAVILION VANDA,2015,105945,91515,289 / 46,LNG Tanker
9640645,BW PAVILION LEEARA,2015,105945,91496,289 / 46,LNG Tanker
9655444,CLEAN HORIZON,2015,105943,89831,289 / 46,LNG Tanker
9655456,CLEAN VISION,2016,105943,89863,289 / 46,LNG Tanker
9637507,CLEAN PLANET,2014,105943,89848,289 / 46,LNG Tanker
9637492,CLEAN OCEAN,2014,105943,89956,289 / 46,LNG Tanker
9654696,GOLAR GLACIER,2014,105832,79602,289 / 46,LNG Tanker
9654701,GOLAR KELVIN,2015,105832,90607,289 / 46,LNG Tanker
9633422,MARAN GAS APOLLONIA,2014,105773,90434,289 / 46,LNG Tanker
9650054,MARAN GAS ALEXANDRIA,2015,105773,90494,289 / 46,LNG Tanker
9650042,MARAN GAS SPARTA,2015,105773,90392,289 / 46,LNG Tanker
9633434,MARAN GAS POSIDONIA,2014,105773,90349,289 / 46,LNG Tanker
9020766,LNG VESTA,1994,105708,68522,272 / 47,LNG Tanker
9331634,SERI BAKTI,2007,105335,90065,290 / 47,LNG Tanker
9331646,SERI BEGAWAN,2007,105335,89902,290 / 47,LNG Tanker
8608884,NORTHWEST SNIPE,1990,105010,66695,272 / 47,LNG Tanker
8913150,NORTHWEST SANDPIPER,1993,105010,66768,272 / 47,LNG Tanker
9331658,SERI BIJAKSANA,2008,104881,89953,290 / 46,LNG Tanker
9482299,SONANGOL ETOSHA,2011,104537,87294,291 / 43,LNG Tanker
9482304,SONANGOL BENGUELA,2011,104537,87169,291 / 43,LNG Tanker
9475600,SONANGOL SAMBIZANGA,2011,104537,87104,291 / 43,LNG Tanker
9369904,SEAPEAK MERIDIAN,2010,104169,81929,285 / 43,LNG Tanker
9369899,WOODSIDE DONALDSON,2009,104169,82085,285 / 43,LNG Tanker
9339260,SEAPEAK ARWA,2008,104169,82187,285 / 43,LNG Tanker
9336749,SEAPEAK MARIB,2008,104169,81400,285 / 43,LNG Tanker
9336737,SEAPEAK METHANE,2008,104169,82115,285 / 43,LNG Tanker
9342487,SEAPEAK MAGELLAN,2009,104169,82265,285 / 43,LNG Tanker
9633173,MARAN GAS DELPHI,2014,103928,89670,294 / 44,LNG Tanker
9627497,MARAN GAS EFESSOS,2014,103928,89711,294 / 44,LNG Tanker
9627485,WOODSIDE ROGERS,2013,103928,90327,294 / 44,LNG Tanker
9633161,WOODSIDE GOODE,2013,103928,90125,294 / 44,LNG Tanker
9636711,CORCOVADO LNG,2014,103905,89624,294 / 44,LNG Tanker
9636723,KITA LNG,2014,103902,89752,294 / 44,LNG Tanker
9658240,MARAN GAS TROY,2015,103893,89240,294 / 44,LNG Tanker
9627502,MARAN GAS LINDOS,2015,103893,89343,294 / 44,LNG Tanker
9658238,MARAN GAS MYSTRAS,2015,103893,89269,294 / 44,LNG Tanker
9636735,PALU LNG,2014,103885,89874,294 / 44,LNG Tanker
9636747,YARI LNG,2014,103885,89804,294 / 44,LNG Tanker
9018555,HYUNDAI UTOPIA,1994,103764,71909,274 / 47,LNG Tanker
9038816,YK SOVEREIGN,1994,103764,72020,274 / 47,LNG Tanker
9368314,BW BRUSSELS,2009,103670,89452,295 / 43,LNG Tanker
9661869,AMANI,2014,102585,85426,288 / 44,LNG Tanker
9682552,AMADI,2015,102585,85466,288 / 44,LNG Tanker
8110203,ADRIATIC ENERGY,1983,102390,67219,283 / 44,LNG Tanker
8014409,NORTH ENERGY,1983,102390,67055,283 / 44,LNG Tanker
8125832,MEDITERRANEAN ENERGY,1984,102376,67552,283 / 45,LNG Tanker
9627954,WILFORCE,2013,102315,87750,290 / 44,LNG Tanker
9627966,WILPRIDE,2013,102315,87677,290 / 44,LNG Tanker
9635315,GOLAR SNOW,2015,102200,82200,281 / 43,LNG Tanker
9637325,GOLAR ICE,2015,102200,81534,281 / 43,LNG Tanker
9626039,GOLAR BEAR,2014,102100,82017,281 / 43,LNG Tanker
9655042,GOLAR FROST,2014,102100,82005,281 / 43,LNG Tanker
9626027,LNGC GOLAR CELSIUS,2013,102100,82029,281 / 43,LNG Tanker
9624926,GOLAR CRYSTAL,2014,102100,82058,286 / 43,LNG Tanker
9624914,GOLAR SEAL,2013,102100,82048,281 / 43,LNG Tanker
9624938,GOLAR PENGUIN,2014,102100,82181,280 / 43,LNG Tanker
9636785,COOL VOYAGER,2013,102097,81890,281 / 43,LNG Tanker
9640023,COOL EXPLORER,2015,102097,81893,281 / 43,LNG Tanker
9636797,COOL RUNNER,2014,102097,81891,280 / 43,LNG Tanker
9333620,KMARIN DIAMOND,2008,102064,84553,288 / 44,LNG Tanker
9333606,TRISTAR RUBY,2008,102064,84491,288 / 44,LNG Tanker
9333618,COOL ROVER,2008,102064,84455,288 / 44,LNG Tanker
9333591,COOL RIDER,2007,102064,84303,288 / 44,LNG Tanker
9361990,TANGGUH SAGO,2009,101957,84484,288 / 44,LNG Tanker
9333632,TANGGUH HIRI,2008,101957,84467,288 / 44,LNG Tanker
9610779,ASIA ENDEAVOUR,2015,101427,82434,285 / 43,LNG Tanker
9610767,ASIA EXCELLENCE,2015,101427,82721,285 / 43,LNG Tanker
9680190,ASIA VENTURE,2017,101427,82564,285 / 43,LNG Tanker
9606950,ASIA ENERGY,2014,101427,82424,285 / 43,LNG Tanker
9680188,ASIA INTEGRITY,2017,101427,82636,285 / 43,LNG Tanker
9606948,ASIA VISION,2014,101427,82487,285 / 43,LNG Tanker
9375721,POINT FORTIN,2010,101129,79592,290 / 45,LNG Tanker
9350927,TRINITY GLORY,2009,101126,79605,290 / 45,LNG Tanker
9319404,TRINITY ARROW,2008,101094,79556,290 / 45,LNG Tanker
9475208,SOYO,2011,100723,82858,285 / 43,LNG Tanker
9490961,LOBITO,2011,100723,82929,285 / 43,LNG Tanker
9491812,CUBAL,2012,100723,82834,285 / 43,LNG Tanker
9490959,MALANJE,2011,100723,82729,285 / 43,LNG Tanker
9372999,HYUNDAI ECOPIA,2008,100545,83959,288 / 44,LNG Tanker
9323675,GRACE COSMOS,2008,100481,85224,288 / 44,LNG Tanker
9390185,GASLOG CHELSEA,2010,100374,86353,289 / 44,LNG Tanker
9315707,GRACE ACACIA,2007,100341,85214,288 / 44,LNG Tanker
9315719,GRACE BARLERIA,2007,100256,77969,288 / 44,LNG Tanker
9324277,NEO ENERGY,2007,100253,85602,288 / 44,LNG Tanker
9317999,AMUR RIVER,2008,100244,84598,288 / 44,LNG Tanker
9315692,OB RIVER,2007,100244,84682,288 / 44,LNG Tanker
9323687,CLEAN ENERGY,2007,100244,85513,288 / 44,LNG Tanker
9629586,YENISEI RIVER,2013,100236,84565,288 / 44,LNG Tanker
9645970,ARCTIC AURORA,2013,100236,84604,288 / 44,LNG Tanker
9629598,LENA RIVER,2013,100236,84585,288 / 44,LNG Tanker
9373010,K. MUGUNGWHA,2008,99151,87442,288 / 43,LNG Tanker
9325702,AL DAAYEN,2007,99106,90617,288 / 43,LNG Tanker
9325685,AL MARROUNA,2006,99106,90617,288 / 43,LNG Tanker
9325697,AL AREESH,2007,99106,90617,288 / 43,LNG Tanker
9311581,LNG IMO,2008,98798,83688,288 / 43,LNG Tanker
9311567,LNG KANO,2007,98798,83961,288 / 43,LNG Tanker
9311579,LNG ONDO,2007,98798,83688,288 / 43,LNG Tanker
9269960,LNG LOKOJA,2006,98798,83965,288 / 43,LNG Tanker
9496305,ARKAT,2011,98490,72800,284 / 43,LNG Tanker
9496317,AMALI,2011,98490,72800,284 / 43,LNG Tanker
9600530,GASLOG SANTIAGO,2013,98451,82178,285 / 43,LNG Tanker
9626273,GASLOG SYDNEY,2013,98451,82010,285 / 43,LNG Tanker
9626285,GASLOG SKAGEN,2013,98451,81847,285 / 43,LNG Tanker
9600528,GASLOG SHANGHAI,2013,98075,82104,285 / 43,LNG Tanker
9638903,GASLOG SARATOGA,2014,98075,81855,285 / 45,LNG Tanker
9634086,GASLOG SEATTLE,2013,98075,81982,285 / 43,LNG Tanker
9638915,GASLOG SALEM,2015,98075,82023,285 / 43,LNG Tanker
9583677,SHEN HAI,2012,98068,82625,290 / 43,LNG Tanker
9349019,TANGGUH JAYA,2008,97897,82313,285 / 43,LNG Tanker
9355379,TANGGUH PALUNG,2009,97897,82407,285 / 43,LNG Tanker
9322815,LNG OGUN,2007,97874,81997,285 / 43,LNG Tanker
9322803,LNG BORNO,2007,97874,82030,285 / 43,LNG Tanker
9308479,DAPENG SUN,2008,97871,83050,292 / 43,LNG Tanker
9369473,DAPENG STAR,2009,97871,82428,292 / 43,LNG Tanker
9352860,RMN WARSHIP 174,2010,97818,82291,285 / 43,LNG Tanker
9315393,STENA BLUE SKY,2006,97754,84363,285 / 43,LNG Tanker
9306495,KPS LNG ANATOLIA,2006,97741,86385,290 / 43,LNG Tanker
9320075,LNG ALLIANCE,2007,97741,86389,290 / 43,LNG Tanker
9267003,LNG OYO,2005,97561,83068,285 / 43,LNG Tanker
9266994,LNG ENUGU,2005,97561,83160,285 / 43,LNG Tanker
9266982,LNG RIVER ORASHI,2004,97561,83068,285 / 43,LNG Tanker
9267015,LNG BENUE,2006,97561,82971,285 / 43,LNG Tanker
9373008,K.JASMINE,2008,97529,84935,285 / 43,LNG Tanker
9302499,MARAN GAS ASCLEPIUS,2005,97496,84659,285 / 43,LNG Tanker
9320386,SIMAISMA,2006,97496,84863,285 / 43,LNG Tanker
9308431,UMM BAB,2005,97496,84659,285 / 43,LNG Tanker
9324435,AL JASSASIYA,2007,97496,84554,285 / 43,LNG Tanker
9320374,GOLAR MARIA,2006,97491,84823,277 / 43,LNG Tanker
9303560,NFE GRAND,2005,97491,84894,277 / 43,LNG Tanker
9331048,MARAN GAS CORONIS,2007,97491,84776,285 / 43,LNG Tanker
9334284,TANGGUH BATUR,2008,97432,84980,285 / 43,LNG Tanker
9300817,SALALAH LNG,2005,96671,81034,285 / 43,LNG Tanker
9326689,IBRA LNG,2006,96671,81057,285 / 43,LNG Tanker
9321732,MILAHA QATAR,2006,96508,77803,283 / 43,LNG Tanker
9298399,AL THAKHIRA,2005,95824,78542,283 / 43,LNG Tanker
9285952,LUSAIL,2005,95824,78489,283 / 43,LNG Tanker
9334076,EJNAN,2007,95824,78403,283 / 43,LNG Tanker
9307190,MET. JANE ELIZABETH,2006,95753,78984,283 / 43,LNG Tanker
9321770,METHANE NILE EAGLE,2007,95753,79006,283 / 43,LNG Tanker
9321744,METH. HEATHER SALLY,2007,95753,79084,283 / 43,LNG Tanker
9321756,GOLDEN ISAIA,2007,95753,78997,283 / 43,LNG Tanker
9307205,GASLOG ATHENS,2006,95753,78957,283 / 43,LNG Tanker
9307188,METHANE RITA ANDREA,2006,95753,79046,283 / 43,LNG Tanker
9321665,SERI ANGKASA,2006,95729,83407,283 / 43,LNG Tanker
9329679,SERI AYU,2007,95729,83365,283 / 43,LNG Tanker
9293832,SERI ALAM,2005,95729,83482,283 / 43,LNG Tanker
9321653,SERI ANGGUN,2006,95729,83395,283 / 43,LNG Tanker
9293844,SERI AMANAH,2006,95729,83400,283 / 43,LNG Tanker
9186584,K.FREESIA,2000,95381,76022,277 / 43,LNG Tanker
9157636,K.ACACIA,2000,95376,75768,277 / 43,LNG Tanker
7390193,LNG ARIES,1977,95084,72511,285 / 44,LNG Tanker
7390208,LNG CAPRICORN,1978,95084,72555,285 / 44,LNG Tanker
7390143,GULF ENERGY,1978,95016,72472,285 / 44,LNG Tanker
7390155,BERING ENERGY,1978,95016,72555,285 / 44,LNG Tanker
9253105,GOLAR ARCTIC,2003,94934,74894,280 / 43,LNG Tanker
9230048,SEAPEAK HISPANIA,2002,94822,79363,280 / 43,LNG Tanker
9247364,SEAPEAK GALICIA,2004,94822,79166,280 / 43,LNG Tanker
9246621,PORTOVYY,2003,94499,77777,277 / 43,LNG Tanker
9248502,PUTERI FIRUS SATU,2004,94446,76197,276 / 43,LNG Tanker
9229647,PUTERI NILAM SATU,2003,94446,76124,276 / 43,LNG Tanker
9245031,PUTERI ZAMRUD SATU,2004,94446,76144,276 / 43,LNG Tanker
9250713,DISHA,2004,94058,81097,277 / 43,LNG Tanker
9326603,IBERICA KNUTSEN,2006,93915,77541,277 / 43,LNG Tanker
9253715,METHANE PRINCESS,2003,93899,77707,277 / 43,LNG Tanker
9243148,BW EVERETT,2003,93844,77410,277 / 43,LNG Tanker
9256597,BERGE ARZEW,2004,93844,77470,277 / 43,LNG Tanker
9230062,BW BOSTON,2003,93844,77410,277 / 43,LNG Tanker
9230050,EXCALIBUR,2002,93786,77822,277 / 43,LNG Tanker
9256602,PIONEER SPIRIT,2005,93786,77712,277 / 43,LNG Tanker
9176010,HL SUR,2000,93769,75159,280 / 43,LNG Tanker
7619575,CARIBBEAN ENERGY,1980,93619,72571,285 / 44,LNG Tanker
7619587,SOUTH ENERGY,1980,93619,72561,285 / 44,LNG Tanker
9250191,MERCHANT,2003,93498,75059,279 / 42,LNG Tanker
9238040,SINGAPORE ENERGY,2003,93498,75074,279 / 43,LNG Tanker
9238038,TRADER II,2002,93498,75109,279 / 43,LNG Tanker
9256793,PRIMA CONCORD,2004,93410,73989,279 / 43,LNG Tanker
9256200,FUWAIRIT,2004,93227,74067,279 / 43,LNG Tanker
9255854,MILAHA RAS LAFFAN,2004,93226,73705,279 / 43,LNG Tanker
9247194,SK SUNRISE,2003,92927,75249,279 / 43,LNG Tanker
9180243,SK STELLAR,2000,92866,75135,279 / 43,LNG Tanker
9157739,SK SUPREME,2000,92866,75319,279 / 43,LNG Tanker
9236420,SEAPEAK CATALUNYA,2003,90835,77204,284 / 43,LNG Tanker
9236432,BILBAO KNUTSEN,2004,90835,77217,284 / 43,LNG Tanker
9259276,SEAPEAK MADRID,2004,90835,77213,284 / 42,LNG Tanker
9246578,CADIZ KNUTSEN,2004,90835,77228,284 / 42,LNG Tanker
9236418,CASTILLO DE VILLALBA,2003,90835,77217,284 / 43,LNG Tanker
9338797,SESTAO KNUTSEN,2007,90478,77204,284 / 42,LNG Tanker
9061928,HL PYEONGTAEK,1995,89956,71041,264 / 43,LNG Tanker
7391197,LNG DELTA,1978,88936,75172,289 / 41,LNG Tanker
7391214,OCEAN QUEST,1979,88919,64991,289 / 41,LNG Tanker
7391202,GALEOMMA,1978,88581,75171,289 / 41,LNG Tanker
9030826,PUTERI NILAM,1995,86211,73519,274 / 43,LNG Tanker
9030814,PUTERI DELIMA,1995,86205,73519,274 / 43,LNG Tanker
9030840,TERI F,1997,86205,73519,274 / 43,LNG Tanker
7708948,PACIFIC ENERGY,1981,85616,71472,287 / 42,LNG Tanker
7702401,ATLANTIC ENERGY,1984,85616,71472,287 / 42,LNG Tanker
7357452,ETHAN,1978,81792,72792,280 / 42,LNG Tanker
7360124,WEST ENERGY,1976,81472,68122,275 / 42,LNG Tanker
7360136,EAST ENERGY,1977,81462,68122,275 / 42,LNG Tanker
7359955,MOSTEFA,1976,81337,74750,279 / 41,LNG Tanker
7411961,MADAME,1981,81265,83296,274 / 42,LNG Tanker
7400704,MOURATO,1980,81265,83228,274 / 42,LNG Tanker
7400675,BACHIR,1979,80654,66746,282 / 42,LNG Tanker
7400663,BEN,1977,80328,70067,282 / 42,LNG Tanker
7359670,SUN,1977,79086,67460,281 / 42,LNG Tanker
7320344,NORMAN LADY,1973,71469,50922,250 / 40,LNG Tanker
9001772,SEAPEAK POLAR,1993,66174,48817,239 / 40,LNG Tanker
9001784,SEAPEAK ARCTIC,1993,66174,48857,239 / 40,LNG Tanker
9905978,LAGENDA SURIA,2022,61636,45426,240 / 37,LNG Tanker
9324332,CHEIKH EL MOKRANI,2007,52855,39520,220 / 35,LNG Tanker
9324344,CHEIKH BOUAMAMA,2008,52855,39520,220 / 35,LNG Tanker
9269207,GLOBAL ENERGY,2006,48923,34800,220 / 35,LNG Tanker
6901892,ARIS,1969,48454,40586,243 / 34,LNG Tanker
6910702,ARCTIC,1969,48454,40585,243 / 34,LNG Tanker
9064073,PORTOVENERE,1997,46555,35760,216 / 34,LNG Tanker
9064085,LERICI,1998,46555,35760,216 / 34,LNG Tanker
9769855,LNG JIA XING,2019,32158,31712,195 / 30,LNG Tanker
7035494,SUPREME,1971,30346,21945,200 / 29,LNG Tanker
6905616,LNG PALMARIA,1969,29264,25235,208 / 29,LNG Tanker
6928632,LNG ELBA,1970,29264,25235,208 / 29,LNG Tanker
9874040,RAVENNA KNUTSEN,2021,27100,18433,178 / 28,LNG Tanker
7229447,MARISA,1975,26951,26805,198 / 27,LNG Tanker
7328243,BELLA,1975,26951,26800,198 / 27,LNG Tanker
9919890,CORAL NORDIC,2022,26234,17233,177 / 30,LNG Tanker
9349942,SUN ARROWS,2007,20620,11142,151 / 28,LNG Tanker
9060534,SURYA AKI,1996,20519,11612,151 / 28,LNG Tanker
9016492,LUCIA AMBITION,1993,16399,11001,130 / 26,LNG Tanker
9161510,PELITA ENERGY,1998,16336,10951,130 / 26,LNG Tanker
9783124,CORAL ENERGICE,2018,16100,9125,164 / 25,LNG Tanker
9617698,CORAL ENERGY,2013,13501,12344,156 / 23,LNG Tanker
9554729,AKEBONO MARU,2011,4505,2528,99 / 17,LNG Tanker
9317200,NORTH PIONEER,2005,3056,1938,89 / 15,LNG Tanker
9675200,KAKUYU MARU,2013,3031,1865,89 / 15,LNG Tanker
9469235,KAKUREI MARU,2008,2952,1801,86 / 15,LNG Tanker
9275074,PIONEER KNUTSEN,2004,1687,817,69 / 12,LNG Tanker
9761803,SK SERENITY,2018,115610,93167,296 / 46,LNG Tanker
7390181,LNG AQUARIUS,1977,95084,72622,285 / 44,LNG Tanker
9902902,SM ALBATROSS,2022,114221,95606,299 / 46,LNG Tanker
7390179,CORAL ENERGY,1979,95016,72629,285 / 44,LNG Tanker
9075333,HYUNDAI GREENPIA,1996,103764,71684,274 / 47,LNG Tanker
9903437,SAMSUNG 2316,2022,115000,87900,-,LNG Tanker
9845776,AMBERJACK LNG,2020,116542,93535,299 / 46,LNG Tanker
9918145,FERROL KNUTSEN,2022,112000,83742,299 / 47,LNG Tanker
9433884,SHINJU MARU NO.2,2008,2930,1781,86 / 15,LNG Tanker
7217896,BEKALANG,1973,48612,51579,248 / 35,LNG Tanker
7121633,BEBATIK,1972,48612,51579,257 / 35,LNG Tanker
9884174,GRACE EMILIA,2021,117564,89730,297 / 46,LNG Tanker
8013950,BALTIC ENERGY,1983,97395,69991,281 / 44,LNG Tanker
7428445,LIMA,1981,80510,72083,281 / 42,LNG Tanker
7229459,TELLIER,1974,26857,21301,197 / 29,LNG Tanker
9321768,METHANE ALISON VICTO,2007,95753,79058,283 / 43,LNG Tanker
7359785,BUBUK,1975,52708,41370,248 / 35,LNG Tanker
9377547,ASEEM,2009,97874,86655,285 / 43,LNG Tanker
7390167,LNG TAURUS,1979,95084,72642,285 / 44,LNG Tanker
9253703,RAAHI,2004,94058,81237,277 / 43,LNG Tanker
9307176,AL DEEBEL,2005,95824,78594,283 / 43,LNG Tanker
9349007,TANGGUH FOJA,2008,97897,82338,285 / 43,LNG Tanker
9778923,IMABARI SAIJO 8200,2021,127200,93200,297 / 49,LNG Tanker
9915894,SHAOLIN,2022,114181,80000,294 / 45,LNG Tanker
9045132,NW STORMPETREL,1994,105010,66875,274 / 47,LNG Tanker
9810367,WOODSIDE REES WITHER,2019,113822,94732,295 / 46,LNG Tanker
9155078,HL MUSCAT,1999,93765,75463,280 / 43,LNG Tanker
9902756,VIVIT ARABIA LNG,2022,116299,92855,299 / 46,LNG Tanker
9351971,PACIFIC ENLIGHTEN,2009,122361,80023,288 / 49,LNG Tanker
8702941,GRACE ENERGY,1989,107146,67024,272 / 47,LNG Tanker
9250725,HONGKONG ENERGY,2004,96165,73659,287 / 43,LNG Tanker
9134323,AMAN SENDAI,1997,16336,10957,130 / 26,LNG Tanker
7347768,BELANAK,1975,48612,50764,257 / 35,LNG Tanker
9372731,UMM SLAL,2008,163922,130059,345 / 54,LNG Tanker
9372963,LNG KOLT,2008,100216,86778,289 / 44,LNG Tanker
7235939,BEKULAN,1973,48612,51579,247 / 35,LNG Tanker
9904651,PRISM DIVERSITY,2022,122166,96250,299 / 48,LNG Tanker
7428469,LUCK,1981,80510,72087,281 / 42,LNG Tanker
8608872,NORTHWEST SANDERLING,1989,105010,66810,272 / 47,LNG Tanker
9305116,MIN RONG,2009,97871,82359,292 / 43,LNG Tanker
9261205,PUTERI MUTIARA SATU,2005,94446,76229,276 / 43,LNG Tanker
9179581,HYUNDAI AQUAPIA,2000,113998,77564,289 / 48,LNG Tanker
9693719,CORAL ENCANTO,2018,26166,18637,181 / 28,LNG Tanker
8014473,SENSHU MARU,1984,102330,69594,283 / 45,LNG Tanker
9634098,SOLARIS,2014,98075,81853,285 / 43,LNG Tanker
9325893,TANGGUH TOWUTI,2008,97432,84992,285 / 43,LNG Tanker
9903425,SAMSUNG 2315,2023,102957,87900,-,LNG Tanker
9085613,AL KHOR,1996,111083,72176,298 / 46,LNG Tanker
9211872,PUTERI DELIMA SATU,2002,94430,75929,276 / 43,LNG Tanker
9761815,SK SPICA,2018,115610,93167,296 / 46,LNG Tanker
9694749,CESI TIANJIN,2017,113397,95628,290 / 46,LNG Tanker
7382732,GIMI,1976,96235,73867,293 / 42,LNG Tanker
9864849,JIANGNAN,2024,60000,42000,-,LNG Tanker
7347732,BILIS,1975,52708,41370,248 / 35,LNG Tanker
9613147,SOUTHERN CROSS,2015,114166,96319,290 / 47,LNG Tanker
9902926,ORION BOHEMIA,2022,114221,95597,299 / 46,LNG Tanker
9859753,WOODSIDECHARLESALLEN,2020,113822,94732,295 / 46,LNG Tanker
9904182,MALAGA KNUTSEN,2022,114180,83742,299 / 47,LNG Tanker
9305128,MIN LU,2009,97871,82598,292 / 43,LNG Tanker
9260603,SHINJU MARU NO.1,2003,2936,1781,86 / 15,LNG Tanker
9157624,SK SUMMIT,1999,95378,76064,277 / 43,LNG Tanker
9308481,DAPENG MOON,2008,97871,82645,292 / 43,LNG Tanker
9030802,PUTERI INTAN,1994,86205,73519,274 / 43,LNG Tanker
9085625,AL WAJBAH,1997,111161,72348,298 / 46,LNG Tanker
7428471,FORT,1981,80510,71787,281 / 42,LNG Tanker
9613159,BEIDOU STAR,2015,114166,96355,290 / 47,LNG Tanker
9902938,LNG PROSPERITY,2022,114000,92350,299 / 46,LNG Tanker
7413232,GC,1979,95084,72650,285 / 44,LNG Tanker
9904194,ALICANTE KNUTSEN,2022,114180,83742,299 / 47,LNG Tanker
9864928,GASLOG GALVESTON,2021,115636,88136,293 / 46,LNG Tanker
9896921,BW ENN SNOW LOTUS,2022,115373,92800,295 / 46,LNG Tanker
7368841,CHILL,1974,71804,50746,250 / 40,LNG Tanker
9696266,HAI YANG SHI YOU 301,2015,25309,16405,185 / 28,LNG Tanker
7347794,BELAIS,1974,48612,51579,257 / 35,LNG Tanker
9762039,HANTONG CNG 001,2022,6205,1280,110 / 18,LNG Tanker
9329291,LNG EBISU,2008,118910,81032,290 / 49,LNG Tanker
9030838,PUTERI ZAMRUD,1996,86205,73519,274 / 43,LNG Tanker
9696735,CNTIC VPOWERGLOBAL,2020,23516,15996,177 / 28,LNG Tanker
9918004,DAEWOO 2514,2023,131345,97700,-,LNG Tanker
9879674,YIANNIS,2021,115489,92619,295 / 46,LNG Tanker
9180231,SK SPLENDOR,2000,92866,75154,279 / 43,LNG Tanker
9748899,GASLOG HOUSTON,2018,114240,92345,290 / 46,LNG Tanker
9903449,SAMSUNG 2317,2022,115000,87900,-,LNG Tanker
7361934,GANDRIA,1977,96011,66999,288 / 43,LNG Tanker
9213416,PUTERI INTAN SATU,2002,94430,75849,276 / 43,LNG Tanker
9896933,BW CASSIA,2022,115373,94000,295 / 46,LNG Tanker
9762273,FLEX ENTERPRISE,2018,113049,95889,295 / 46,LNG Tanker
9886732,CLEAN CAJUN,2022,128737,107662,300 / 49,LNG Tanker
9187356,TRIPUTRA,2000,20017,12493,151 / 28,LNG Tanker
9520376,M.MICKIE HARPER,2010,109004,86170,291 / 45,LNG Tanker
9176008,HL RAS LAFFAN,2000,93769,75079,280 / 43,LNG Tanker
9892298,ASTERIX I ST,2022,116581,92766,299 / 46,LNG Tanker
9864837,JIANGNAN H2637,2023,54700,42000,-,LNG Tanker
9905980,LAGENDA SERENITY,2022,61636,45419,240 / 37,LNG Tanker
9183269,HYUNDAI OCEANPIA,2000,113998,77512,289 / 48,LNG Tanker
9889916,ORION SUN,2022,115311,89000,293 / 46,LNG Tanker
9922976,LECH KACZYNSKI,2022,114000,92323,299 / 46,LNG Tanker
