id;name;source_id;node_id;lat;long;country_code;comment;param;uncertainty;method;tags
GIE_SR_20;UGS Haidach (astora);['GIE_SR_20'];['GIE_N_20'];37.9583;-8.8048;PT;None;{'eic_code': '21X000000001160J', 'facility_code': '21W000000000078N', 'max_cap_pipe2store_M_m3_per_d': 9.201386593270938, 'max_cap_store2pipe_M_m3_per_d': 8.72543763572628, 'max_workingGas_M_m3': 11.3451, 'name_short': 'Haidach', 'nuts_id_1': 'PT1', 'nuts_id_2': 'PT18', 'nuts_id_3': 'PT181'};{'eic_code': 0, 'facility_code': 0, 'max_cap_pipe2store_M_m3_per_d': 0.0, 'max_cap_store2pipe_M_m3_per_d': 0.0, 'max_workingGas_M_m3': 0, 'name_short': 0, 'nuts_id_1': 0, 'nuts_id_2': 0, 'nuts_id_3': 0};{'eic_code': 'raw', 'facility_code': 'raw', 'max_cap_pipe2store_M_m3_per_d': 'raw', 'max_cap_store2pipe_M_m3_per_d': 'raw', 'max_workingGas_M_m3': 'raw', 'name_short': 'raw', 'nuts_id_1': 'M_Consumers.add_Nuts_Num()', 'nuts_id_2': 'M_Consumers.add_Nuts_Num()', 'nuts_id_3': 'M_Consumers.add_Nuts_Num()'};{}
GIE_SR_21;UGS Haidach (GSA);['GIE_SR_21'];['GIE_N_21'];47.9867;13.232375;AT;None;{'eic_code': '25X-GSALLC-----E', 'facility_code': '25W-SPHAID-GAZ-M', 'max_cap_pipe2store_M_m3_per_d': 18.385178030994936, 'max_cap_store2pipe_M_m3_per_d': 16.245607116487346, 'max_workingGas_M_m3': 21.3189, 'name_short': 'Haidach', 'nuts_id_1': 'AT3', 'nuts_id_2': 'AT32', 'nuts_id_3': 'AT323'};{'eic_code': 0, 'facility_code': 0, 'max_cap_pipe2store_M_m3_per_d': 0.0, 'max_cap_store2pipe_M_m3_per_d': 0.0, 'max_workingGas_M_m3': 0, 'name_short': 0, 'nuts_id_1': 0, 'nuts_id_2': 0, 'nuts_id_3': 0};{'eic_code': 'raw', 'facility_code': 'raw', 'max_cap_pipe2store_M_m3_per_d': 'raw', 'max_cap_store2pipe_M_m3_per_d': 'raw', 'max_workingGas_M_m3': 'raw', 'name_short': 'raw', 'nuts_id_1': 'M_Consumers.add_Nuts_Num()', 'nuts_id_2': 'M_Consumers.add_Nuts_Num()', 'nuts_id_3': 'M_Consumers.add_Nuts_Num()'};{}
GIE_SR_22;VGS OMV Gas Storage Pool (Tallesbrunn & Schoenkirchen / Reyersdorf);['GIE_SR_22'];['GIE_N_22'];48.355222;16.778209;AT;None;{'eic_code': '25X-OMVGASSTORA5', 'facility_code': '21W000000000081Y', 'max_cap_pipe2store_M_m3_per_d': 29.85018138537938, 'max_cap_store2pipe_M_m3_per_d': 21.253188385145744, 'max_workingGas_M_m3': 28.094, 'name_short': 'Tallesbrunn', 'nuts_id_1': 'AT1', 'nuts_id_2': 'AT12', 'nuts_id_3': 'AT126'};{'eic_code': 0, 'facility_code': 0, 'max_cap_pipe2store_M_m3_per_d': 0.0, 'max_cap_store2pipe_M_m3_per_d': 0.0, 'max_workingGas_M_m3': 0, 'name_short': 0, 'nuts_id_1': 0, 'nuts_id_2': 0, 'nuts_id_3': 0};{'eic_code': 'raw', 'facility_code': 'raw', 'max_cap_pipe2store_M_m3_per_d': 'raw', 'max_cap_store2pipe_M_m3_per_d': 'raw', 'max_workingGas_M_m3': 'raw', 'name_short': 'raw', 'nuts_id_1': 'M_Consumers.add_Nuts_Num()', 'nuts_id_2': 'M_Consumers.add_Nuts_Num()', 'nuts_id_3': 'M_Consumers.add_Nuts_Num()'};{}
GIE_SR_23;RAG Storage Pool (Puchkirchen / Haag, Aigelsbrunn, Haidach 5, Nussdorf / Zagling);['GIE_SR_23'];['GIE_N_23'];47.981978;13.312084;AT;None;{'eic_code': '23X----100225-1C', 'facility_code': '21W000000000079L', 'max_cap_pipe2store_M_m3_per_d': 19.623876981499333, 'max_cap_store2pipe_M_m3_per_d': 17.734157275758253, 'max_workingGas_M_m3': 20.081, 'name_short': 'Haidach', 'nuts_id_1': 'AT3', 'nuts_id_2': 'AT32', 'nuts_id_3': 'AT323'};{'eic_code': 0, 'facility_code': 0, 'max_cap_pipe2store_M_m3_per_d': 0.0, 'max_cap_store2pipe_M_m3_per_d': 0.0, 'max_workingGas_M_m3': 0, 'name_short': 0, 'nuts_id_1': 0, 'nuts_id_2': 0, 'nuts_id_3': 0};{'eic_code': 'raw', 'facility_code': 'raw', 'max_cap_pipe2store_M_m3_per_d': 'raw', 'max_cap_store2pipe_M_m3_per_d': 'raw', 'max_workingGas_M_m3': 'raw', 'name_short': 'raw', 'nuts_id_1': 'M_Consumers.add_Nuts_Num()', 'nuts_id_2': 'M_Consumers.add_Nuts_Num()', 'nuts_id_3': 'M_Consumers.add_Nuts_Num()'};{}
GIE_SR_24;UGS 7 Fields (Uniper Energy Storage) - AT;['GIE_SR_24'];['GIE_N_24'];47.962006;13.356863;AT;None;{'eic_code': '21X000000001127H', 'facility_code': '21W000000000057V', 'max_cap_pipe2store_M_m3_per_d': 21.35172125620859, 'max_cap_store2pipe_M_m3_per_d': 14.235360595249741, 'max_workingGas_M_m3': 19.415, 'name_short': '7Fields', 'nuts_id_1': 'AT3', 'nuts_id_2': 'AT32', 'nuts_id_3': 'AT323'};{'eic_code': 0, 'facility_code': 0, 'max_cap_pipe2store_M_m3_per_d': 0.0, 'max_cap_store2pipe_M_m3_per_d': 0.0, 'max_workingGas_M_m3': 0, 'name_short': 0, 'nuts_id_1': 0, 'nuts_id_2': 0, 'nuts_id_3': 0};{'eic_code': 'raw', 'facility_code': 'raw', 'max_cap_pipe2store_M_m3_per_d': 'raw', 'max_cap_store2pipe_M_m3_per_d': 'raw', 'max_workingGas_M_m3': 'raw', 'name_short': 'raw', 'nuts_id_1': 'M_Consumers.add_Nuts_Num()', 'nuts_id_2': 'M_Consumers.add_Nuts_Num()', 'nuts_id_3': 'M_Consumers.add_Nuts_Num()'};{}
GIE_SR_25;UGS Loenhout;['GIE_SR_25'];['GIE_N_25'];51.386993;4.703353;BE;None;{'eic_code': '21X-BE-A-A0A0A-Y', 'facility_code': '21Z000000000102A', 'max_cap_pipe2store_M_m3_per_d': 16.337981683108765, 'max_cap_store2pipe_M_m3_per_d': 7.964447158321235, 'max_workingGas_M_m3': 9.0013, 'name_short': 'Loenhout', 'nuts_id_1': 'BE2', 'nuts_id_2': 'BE21', 'nuts_id_3': 'BE211'};{'eic_code': 0, 'facility_code': 0, 'max_cap_pipe2store_M_m3_per_d': 0.0, 'max_cap_store2pipe_M_m3_per_d': 0.0, 'max_workingGas_M_m3': 0, 'name_short': 0, 'nuts_id_1': 0, 'nuts_id_2': 0, 'nuts_id_3': 0};{'eic_code': 'raw', 'facility_code': 'raw', 'max_cap_pipe2store_M_m3_per_d': 'raw', 'max_cap_store2pipe_M_m3_per_d': 'raw', 'max_workingGas_M_m3': 'raw', 'name_short': 'raw', 'nuts_id_1': 'M_Consumers.add_Nuts_Num()', 'nuts_id_2': 'M_Consumers.add_Nuts_Num()', 'nuts_id_3': 'M_Consumers.add_Nuts_Num()'};{}
GIE_SR_26;UGS Chiren;['GIE_SR_26'];['GIE_N_26'];43.349887;23.592123;BG;None;{'eic_code': '21X-BG-A-A0A0A-C', 'facility_code': '21W000000000031C', 'max_cap_pipe2store_M_m3_per_d': 3.5102335316140203, 'max_cap_store2pipe_M_m3_per_d': 4.212280237936825, 'max_workingGas_M_m3': 6.27, 'name_short': 'Chiren', 'nuts_id_1': 'BG3', 'nuts_id_2': 'BG31', 'nuts_id_3': 'BG313'};{'eic_code': 0, 'facility_code': 0, 'max_cap_pipe2store_M_m3_per_d': 0.0, 'max_cap_store2pipe_M_m3_per_d': 0.0, 'max_workingGas_M_m3': 0, 'name_short': 0, 'nuts_id_1': 0, 'nuts_id_2': 0, 'nuts_id_3': 0};{'eic_code': 'raw', 'facility_code': 'raw', 'max_cap_pipe2store_M_m3_per_d': 'raw', 'max_cap_store2pipe_M_m3_per_d': 'raw', 'max_workingGas_M_m3': 'raw', 'name_short': 'raw', 'nuts_id_1': 'M_Consumers.add_Nuts_Num()', 'nuts_id_2': 'M_Consumers.add_Nuts_Num()', 'nuts_id_3': 'M_Consumers.add_Nuts_Num()'};{}
GIE_SR_27;VGS Innogy Virtual Storage (Haje, Tranovice, Stramberk, Tvrdonice, Dolni Dunajovice, Lobodice);['GIE_SR_27'];['GIE_N_27'];48.872481;16.609626;CZ;None;{'eic_code': '27XG-RWE-GAS-STI', 'facility_code': '21W000000000076R', 'max_cap_pipe2store_M_m3_per_d': 38.165651896862016, 'max_cap_store2pipe_M_m3_per_d': 28.748724648141092, 'max_workingGas_M_m3': 29.2989, 'name_short': 'Lobodice', 'nuts_id_1': 'CZ0', 'nuts_id_2': 'CZ06', 'nuts_id_3': 'CZ064'};{'eic_code': 0, 'facility_code': 0, 'max_cap_pipe2store_M_m3_per_d': 0.0, 'max_cap_store2pipe_M_m3_per_d': 0.0, 'max_workingGas_M_m3': 0, 'name_short': 0, 'nuts_id_1': 0, 'nuts_id_2': 0, 'nuts_id_3': 0};{'eic_code': 'raw', 'facility_code': 'raw', 'max_cap_pipe2store_M_m3_per_d': 'raw', 'max_cap_store2pipe_M_m3_per_d': 'raw', 'max_workingGas_M_m3': 'raw', 'name_short': 'raw', 'nuts_id_1': 'M_Consumers.add_Nuts_Num()', 'nuts_id_2': 'M_Consumers.add_Nuts_Num()', 'nuts_id_3': 'M_Consumers.add_Nuts_Num()'};{}
GIE_SR_30;UGS Dolni Bojanovice;['GIE_SR_30'];['GIE_N_30'];48.871374;17.028471;CZ;None;{'eic_code': '27X-SPPSTORAGE-R', 'facility_code': '21W000000000074V', 'max_cap_pipe2store_M_m3_per_d': 8.408724835881406, 'max_cap_store2pipe_M_m3_per_d': 6.540119316796649, 'max_workingGas_M_m3': 6.9439, 'name_short': 'DolniBojanovice', 'nuts_id_1': 'CZ0', 'nuts_id_2': 'CZ06', 'nuts_id_3': 'CZ064'};{'eic_code': 0, 'facility_code': 0, 'max_cap_pipe2store_M_m3_per_d': 0.0, 'max_cap_store2pipe_M_m3_per_d': 0.0, 'max_workingGas_M_m3': 0, 'name_short': 0, 'nuts_id_1': 0, 'nuts_id_2': 0, 'nuts_id_3': 0};{'eic_code': 'raw', 'facility_code': 'raw', 'max_cap_pipe2store_M_m3_per_d': 'raw', 'max_cap_store2pipe_M_m3_per_d': 'raw', 'max_workingGas_M_m3': 'raw', 'name_short': 'raw', 'nuts_id_1': 'M_Consumers.add_Nuts_Num()', 'nuts_id_2': 'M_Consumers.add_Nuts_Num()', 'nuts_id_3': 'M_Consumers.add_Nuts_Num()'};{}
GIE_SR_31;UGS Jemgum H (astora);['GIE_SR_31'];['GIE_N_31'];53.253484;7.388862;DE;None;{'eic_code': '21X000000001160J', 'facility_code': '21W0000000001148', 'max_cap_pipe2store_M_m3_per_d': 18.411570764315343, 'max_cap_store2pipe_M_m3_per_d': 11.976142623022973, 'max_workingGas_M_m3': 8.2901, 'name_short': 'JemgumH', 'nuts_id_1': 'DE9', 'nuts_id_2': 'DE94', 'nuts_id_3': 'DE94C'};{'eic_code': 0, 'facility_code': 0, 'max_cap_pipe2store_M_m3_per_d': 0.0, 'max_cap_store2pipe_M_m3_per_d': 0.0, 'max_workingGas_M_m3': 0, 'name_short': 0, 'nuts_id_1': 0, 'nuts_id_2': 0, 'nuts_id_3': 0};{'eic_code': 'raw', 'facility_code': 'raw', 'max_cap_pipe2store_M_m3_per_d': 'raw', 'max_cap_store2pipe_M_m3_per_d': 'raw', 'max_workingGas_M_m3': 'raw', 'name_short': 'raw', 'nuts_id_1': 'M_Consumers.add_Nuts_Num()', 'nuts_id_2': 'M_Consumers.add_Nuts_Num()', 'nuts_id_3': 'M_Consumers.add_Nuts_Num()'};{}
GIE_SR_32;UGS Rehden;['GIE_SR_32'];['GIE_N_32'];52.613673;8.493598;DE;None;{'eic_code': '21X000000001160J', 'facility_code': '21Z000000000271O', 'max_cap_pipe2store_M_m3_per_d': 46.66235251047811, 'max_cap_store2pipe_M_m3_per_d': 30.33052913181077, 'max_workingGas_M_m3': 48.62, 'name_short': 'Rehden', 'nuts_id_1': 'DE9', 'nuts_id_2': 'DE92', 'nuts_id_3': 'DE922'};{'eic_code': 0, 'facility_code': 0, 'max_cap_pipe2store_M_m3_per_d': 0.0, 'max_cap_store2pipe_M_m3_per_d': 0.0, 'max_workingGas_M_m3': 0, 'name_short': 0, 'nuts_id_1': 0, 'nuts_id_2': 0, 'nuts_id_3': 0};{'eic_code': 'raw', 'facility_code': 'raw', 'max_cap_pipe2store_M_m3_per_d': 'raw', 'max_cap_store2pipe_M_m3_per_d': 'raw', 'max_workingGas_M_m3': 'raw', 'name_short': 'raw', 'nuts_id_1': 'M_Consumers.add_Nuts_Num()', 'nuts_id_2': 'M_Consumers.add_Nuts_Num()', 'nuts_id_3': 'M_Consumers.add_Nuts_Num()'};{}
GIE_SR_33;VSP NORD (Rehden, Jemgum);['GIE_SR_33'];['GIE_N_31'];53.253484;7.388862;DE;None;{'eic_code': '21X000000001160J', 'facility_code': '21W0000000001261', 'max_cap_pipe2store_M_m3_per_d': 0.13196366660203085, 'max_cap_store2pipe_M_m3_per_d': 2.73692644532612, 'max_workingGas_M_m3': 0.225, 'name_short': 'Jemgum', 'nuts_id_1': 'DE9', 'nuts_id_2': 'DE94', 'nuts_id_3': 'DE94C'};{'eic_code': 0, 'facility_code': 0, 'max_cap_pipe2store_M_m3_per_d': 0.0, 'max_cap_store2pipe_M_m3_per_d': 0.0, 'max_workingGas_M_m3': 0, 'name_short': 0, 'nuts_id_1': 0, 'nuts_id_2': 0, 'nuts_id_3': 0};{'eic_code': 'raw', 'facility_code': 'raw', 'max_cap_pipe2store_M_m3_per_d': 'raw', 'max_cap_store2pipe_M_m3_per_d': 'raw', 'max_workingGas_M_m3': 'raw', 'name_short': 'raw', 'nuts_id_1': 'M_Consumers.add_Nuts_Num()', 'nuts_id_2': 'M_Consumers.add_Nuts_Num()', 'nuts_id_3': 'M_Consumers.add_Nuts_Num()'};{}
GIE_SR_34;UGS Wolfersberg;['GIE_SR_34'];['GIE_N_34'];48.042629;11.816447;DE;None;{'eic_code': '37X0000000000151', 'facility_code': '21W0000000000184', 'max_cap_pipe2store_M_m3_per_d': 5.721064826086711, 'max_cap_store2pipe_M_m3_per_d': 3.3369212494766867, 'max_workingGas_M_m3': 4.1209, 'name_short': 'Wolfersberg', 'nuts_id_1': 'DE2', 'nuts_id_2': 'DE21', 'nuts_id_3': 'DE218'};{'eic_code': 0, 'facility_code': 0, 'max_cap_pipe2store_M_m3_per_d': 0.0, 'max_cap_store2pipe_M_m3_per_d': 0.0, 'max_workingGas_M_m3': 0, 'name_short': 0, 'nuts_id_1': 0, 'nuts_id_2': 0, 'nuts_id_3': 0};{'eic_code': 'raw', 'facility_code': 'raw', 'max_cap_pipe2store_M_m3_per_d': 'raw', 'max_cap_store2pipe_M_m3_per_d': 'raw', 'max_workingGas_M_m3': 'raw', 'name_short': 'raw', 'nuts_id_1': 'M_Consumers.add_Nuts_Num()', 'nuts_id_2': 'M_Consumers.add_Nuts_Num()', 'nuts_id_3': 'M_Consumers.add_Nuts_Num()'};{}
GIE_SR_35;UGS Berlin;['GIE_SR_35'];['GIE_N_35'];52.513276;13.224641;DE;None;{'eic_code': '37X0000000000224', 'facility_code': '21W0000000001083', 'max_cap_pipe2store_M_m3_per_d': 5.273268117417152, 'max_cap_store2pipe_M_m3_per_d': 2.8125856141779506, 'max_workingGas_M_m3': 1.7205, 'name_short': 'Berlin', 'nuts_id_1': 'DE4', 'nuts_id_2': 'DE40', 'nuts_id_3': 'DE300'};{'eic_code': 0, 'facility_code': 0, 'max_cap_pipe2store_M_m3_per_d': 0.0, 'max_cap_store2pipe_M_m3_per_d': 0.0, 'max_workingGas_M_m3': 0, 'name_short': 0, 'nuts_id_1': 0, 'nuts_id_2': 0, 'nuts_id_3': 0};{'eic_code': 'raw', 'facility_code': 'raw', 'max_cap_pipe2store_M_m3_per_d': 'raw', 'max_cap_store2pipe_M_m3_per_d': 'raw', 'max_workingGas_M_m3': 'raw', 'name_short': 'raw', 'nuts_id_1': 'M_Consumers.add_Nuts_Num()', 'nuts_id_2': 'M_Consumers.add_Nuts_Num()', 'nuts_id_3': 'M_Consumers.add_Nuts_Num()'};{}
GIE_SR_37;UGS Inzenham-West;['GIE_SR_37'];['GIE_N_37'];47.880871;12.228213;DE;None;{'eic_code': '21X0000000011748', 'facility_code': '21W0000000000192', 'max_cap_pipe2store_M_m3_per_d': 7.227210140904557, 'max_cap_store2pipe_M_m3_per_d': 4.729577811016785, 'max_workingGas_M_m3': 4.86, 'name_short': 'InzenhamWest', 'nuts_id_1': 'DE2', 'nuts_id_2': 'DE21', 'nuts_id_3': 'DE21K'};{'eic_code': 0, 'facility_code': 0, 'max_cap_pipe2store_M_m3_per_d': 0.0, 'max_cap_store2pipe_M_m3_per_d': 0.0, 'max_workingGas_M_m3': 0, 'name_short': 0, 'nuts_id_1': 0, 'nuts_id_2': 0, 'nuts_id_3': 0};{'eic_code': 'raw', 'facility_code': 'raw', 'max_cap_pipe2store_M_m3_per_d': 'raw', 'max_cap_store2pipe_M_m3_per_d': 'raw', 'max_workingGas_M_m3': 'raw', 'name_short': 'raw', 'nuts_id_1': 'M_Consumers.add_Nuts_Num()', 'nuts_id_2': 'M_Consumers.add_Nuts_Num()', 'nuts_id_3': 'M_Consumers.add_Nuts_Num()'};{}
GIE_SR_38;UGS Enschede - Epe (Eneco);['GIE_SR_38'];['GIE_N_38'];52.18;7.00616;DE;None;{'eic_code': '21X0000000010849', 'facility_code': '21W000000000012G', 'max_cap_pipe2store_M_m3_per_d': 8.234532795966725, 'max_cap_store2pipe_M_m3_per_d': 8.234532795966725, 'max_workingGas_M_m3': 1.4352, 'name_short': 'Epe', 'nuts_id_1': 'DEA', 'nuts_id_2': 'DEA3', 'nuts_id_3': 'DEA34'};{'eic_code': 0, 'facility_code': 0, 'max_cap_pipe2store_M_m3_per_d': 0.0, 'max_cap_store2pipe_M_m3_per_d': 0.0, 'max_workingGas_M_m3': 0, 'name_short': 0, 'nuts_id_1': 0, 'nuts_id_2': 0, 'nuts_id_3': 0};{'eic_code': 'raw', 'facility_code': 'raw', 'max_cap_pipe2store_M_m3_per_d': 'raw', 'max_cap_store2pipe_M_m3_per_d': 'raw', 'max_workingGas_M_m3': 'raw', 'name_short': 'raw', 'nuts_id_1': 'M_Consumers.add_Nuts_Num()', 'nuts_id_2': 'M_Consumers.add_Nuts_Num()', 'nuts_id_3': 'M_Consumers.add_Nuts_Num()'};{}
GIE_SR_40;UGS Etzel EGL (Equinor Storage Deutschland);['GIE_SR_40'];['GIE_N_40'];53.461064;7.912085;DE;None;{'eic_code': '21X000000001368W', 'facility_code': '21W000000000100J', 'max_cap_pipe2store_M_m3_per_d': 31.91233361548045, 'max_cap_store2pipe_M_m3_per_d': 18.615674568659816, 'max_workingGas_M_m3': 2.2486, 'name_short': 'Etzel', 'nuts_id_1': 'DE9', 'nuts_id_2': 'DE94', 'nuts_id_3': 'DE94H'};{'eic_code': 0, 'facility_code': 0, 'max_cap_pipe2store_M_m3_per_d': 0.0, 'max_cap_store2pipe_M_m3_per_d': 0.0, 'max_workingGas_M_m3': 0, 'name_short': 0, 'nuts_id_1': 0, 'nuts_id_2': 0, 'nuts_id_3': 0};{'eic_code': 'raw', 'facility_code': 'raw', 'max_cap_pipe2store_M_m3_per_d': 'raw', 'max_cap_store2pipe_M_m3_per_d': 'raw', 'max_workingGas_M_m3': 'raw', 'name_short': 'raw', 'nuts_id_1': 'M_Consumers.add_Nuts_Num()', 'nuts_id_2': 'M_Consumers.add_Nuts_Num()', 'nuts_id_3': 'M_Consumers.add_Nuts_Num()'};{}
GIE_SR_41;UGS EWE-Zone L;['GIE_SR_41'];['GIE_N_41'];52.17;7.00616;DE;None;{'eic_code': '21X0000000011756', 'facility_code': '21W0000000001075', 'max_cap_pipe2store_M_m3_per_d': 28.96866409247781, 'max_cap_store2pipe_M_m3_per_d': 9.724842470792327, 'max_workingGas_M_m3': 10.5742, 'name_short': 'Nuettermoor', 'nuts_id_1': 'DEA', 'nuts_id_2': 'DEA3', 'nuts_id_3': 'DEA34'};{'eic_code': 0, 'facility_code': 0, 'max_cap_pipe2store_M_m3_per_d': 0.0, 'max_cap_store2pipe_M_m3_per_d': 0.0, 'max_workingGas_M_m3': 0, 'name_short': 0, 'nuts_id_1': 0, 'nuts_id_2': 0, 'nuts_id_3': 0};{'eic_code': 'raw', 'facility_code': 'raw', 'max_cap_pipe2store_M_m3_per_d': 'raw', 'max_cap_store2pipe_M_m3_per_d': 'raw', 'max_workingGas_M_m3': 'raw', 'name_short': 'raw', 'nuts_id_1': 'M_Consumers.add_Nuts_Num()', 'nuts_id_2': 'M_Consumers.add_Nuts_Num()', 'nuts_id_3': 'M_Consumers.add_Nuts_Num()'};{}
GIE_SR_42;UGS Jemgum H (EWE);['GIE_SR_42'];['GIE_N_31'];53.253484;7.388862;DE;None;{'eic_code': '21X0000000011756', 'facility_code': '21W0000000000508', 'max_cap_pipe2store_M_m3_per_d': 6.070328663693419, 'max_cap_store2pipe_M_m3_per_d': 4.856262930954736, 'max_workingGas_M_m3': 4.3125, 'name_short': 'Jemgum', 'nuts_id_1': 'DE9', 'nuts_id_2': 'DE94', 'nuts_id_3': 'DE94C'};{'eic_code': 0, 'facility_code': 0, 'max_cap_pipe2store_M_m3_per_d': 0.0, 'max_cap_store2pipe_M_m3_per_d': 0.0, 'max_workingGas_M_m3': 0, 'name_short': 0, 'nuts_id_1': 0, 'nuts_id_2': 0, 'nuts_id_3': 0};{'eic_code': 'raw', 'facility_code': 'raw', 'max_cap_pipe2store_M_m3_per_d': 'raw', 'max_cap_store2pipe_M_m3_per_d': 'raw', 'max_workingGas_M_m3': 'raw', 'name_short': 'raw', 'nuts_id_1': 'M_Consumers.add_Nuts_Num()', 'nuts_id_2': 'M_Consumers.add_Nuts_Num()', 'nuts_id_3': 'M_Consumers.add_Nuts_Num()'};{}
GIE_SR_43;UGS Nuettermoor H aggregated data prior to 7 April 2016;['GIE_SR_43'];['GIE_N_43'];53.259121;7.417349;DE;None;{'eic_code': '21X0000000011756', 'facility_code': 'PRIOR_EWE_000001', 'max_cap_pipe2store_M_m3_per_d': 17.714802604656622, 'max_cap_store2pipe_M_m3_per_d': 10.082024128395156, 'max_workingGas_M_m3': 6.477, 'name_short': 'Nuettermoor', 'nuts_id_1': 'DE9', 'nuts_id_2': 'DE94', 'nuts_id_3': 'DE94C'};{'eic_code': 0, 'facility_code': 0, 'max_cap_pipe2store_M_m3_per_d': 0.0, 'max_cap_store2pipe_M_m3_per_d': 0.0, 'max_workingGas_M_m3': 0, 'name_short': 0, 'nuts_id_1': 0, 'nuts_id_2': 0, 'nuts_id_3': 0};{'eic_code': 'raw', 'facility_code': 'raw', 'max_cap_pipe2store_M_m3_per_d': 'raw', 'max_cap_store2pipe_M_m3_per_d': 'raw', 'max_workingGas_M_m3': 'raw', 'name_short': 'raw', 'nuts_id_1': 'M_Consumers.add_Nuts_Num()', 'nuts_id_2': 'M_Consumers.add_Nuts_Num()', 'nuts_id_3': 'M_Consumers.add_Nuts_Num()'};{}
GIE_SR_44;UGS Nuettermoor H-1;['GIE_SR_44'];['GIE_N_43'];53.259121;7.417349;DE;None;{'eic_code': '21X0000000011756', 'facility_code': '21W0000000001059', 'max_cap_pipe2store_M_m3_per_d': 6.123114130334231, 'max_cap_store2pipe_M_m3_per_d': 4.286179891233962, 'max_workingGas_M_m3': 1.832, 'name_short': 'NuettermoorH1', 'nuts_id_1': 'DE9', 'nuts_id_2': 'DE94', 'nuts_id_3': 'DE94C'};{'eic_code': 0, 'facility_code': 0, 'max_cap_pipe2store_M_m3_per_d': 0.0, 'max_cap_store2pipe_M_m3_per_d': 0.0, 'max_workingGas_M_m3': 0, 'name_short': 0, 'nuts_id_1': 0, 'nuts_id_2': 0, 'nuts_id_3': 0};{'eic_code': 'raw', 'facility_code': 'raw', 'max_cap_pipe2store_M_m3_per_d': 'raw', 'max_cap_store2pipe_M_m3_per_d': 'raw', 'max_workingGas_M_m3': 'raw', 'name_short': 'raw', 'nuts_id_1': 'M_Consumers.add_Nuts_Num()', 'nuts_id_2': 'M_Consumers.add_Nuts_Num()', 'nuts_id_3': 'M_Consumers.add_Nuts_Num()'};{}
GIE_SR_45;UGS Nuettermoor H-2;['GIE_SR_45'];['GIE_N_43'];53.259121;7.417349;DE;None;{'eic_code': '21X0000000011756', 'facility_code': '21W000000000104B', 'max_cap_pipe2store_M_m3_per_d': 4.370636637859262, 'max_cap_store2pipe_M_m3_per_d': 2.185318318929631, 'max_workingGas_M_m3': 1.955, 'name_short': 'NuettermoorH2', 'nuts_id_1': 'DE9', 'nuts_id_2': 'DE94', 'nuts_id_3': 'DE94C'};{'eic_code': 0, 'facility_code': 0, 'max_cap_pipe2store_M_m3_per_d': 0.0, 'max_cap_store2pipe_M_m3_per_d': 0.0, 'max_workingGas_M_m3': 0, 'name_short': 0, 'nuts_id_1': 0, 'nuts_id_2': 0, 'nuts_id_3': 0};{'eic_code': 'raw', 'facility_code': 'raw', 'max_cap_pipe2store_M_m3_per_d': 'raw', 'max_cap_store2pipe_M_m3_per_d': 'raw', 'max_workingGas_M_m3': 'raw', 'name_short': 'raw', 'nuts_id_1': 'M_Consumers.add_Nuts_Num()', 'nuts_id_2': 'M_Consumers.add_Nuts_Num()', 'nuts_id_3': 'M_Consumers.add_Nuts_Num()'};{}
GIE_SR_46;UGS Nuettermoor H-3;['GIE_SR_46'];['GIE_N_43'];53.259121;7.417349;DE;None;{'eic_code': '21X0000000011756', 'facility_code': '21W000000000103D', 'max_cap_pipe2store_M_m3_per_d': 7.221051836463128, 'max_cap_store2pipe_M_m3_per_d': 3.610525918231564, 'max_workingGas_M_m3': 2.69, 'name_short': 'NuettermoorH3', 'nuts_id_1': 'DE9', 'nuts_id_2': 'DE94', 'nuts_id_3': 'DE94C'};{'eic_code': 0, 'facility_code': 0, 'max_cap_pipe2store_M_m3_per_d': 0.0, 'max_cap_store2pipe_M_m3_per_d': 0.0, 'max_workingGas_M_m3': 0, 'name_short': 0, 'nuts_id_1': 0, 'nuts_id_2': 0, 'nuts_id_3': 0};{'eic_code': 'raw', 'facility_code': 'raw', 'max_cap_pipe2store_M_m3_per_d': 'raw', 'max_cap_store2pipe_M_m3_per_d': 'raw', 'max_workingGas_M_m3': 'raw', 'name_short': 'raw', 'nuts_id_1': 'M_Consumers.add_Nuts_Num()', 'nuts_id_2': 'M_Consumers.add_Nuts_Num()', 'nuts_id_3': 'M_Consumers.add_Nuts_Num()'};{}
GIE_SR_47;UGS Nuettermoor L GUD;['GIE_SR_47'];['GIE_N_47'];53.25913;7.41736;DE;None;{'eic_code': '21X0000000011756', 'facility_code': '21W0000000001067', 'max_cap_pipe2store_M_m3_per_d': 2.0691902923198437, 'max_cap_store2pipe_M_m3_per_d': 1.8624472146433289, 'max_workingGas_M_m3': 0.451, 'name_short': 'NuettermoorL', 'nuts_id_1': 'DE9', 'nuts_id_2': 'DE94', 'nuts_id_3': 'DE94C'};{'eic_code': 0, 'facility_code': 0, 'max_cap_pipe2store_M_m3_per_d': 0.0, 'max_cap_store2pipe_M_m3_per_d': 0.0, 'max_workingGas_M_m3': 0, 'name_short': 0, 'nuts_id_1': 0, 'nuts_id_2': 0, 'nuts_id_3': 0};{'eic_code': 'raw', 'facility_code': 'raw', 'max_cap_pipe2store_M_m3_per_d': 'raw', 'max_cap_store2pipe_M_m3_per_d': 'raw', 'max_workingGas_M_m3': 'raw', 'name_short': 'raw', 'nuts_id_1': 'M_Consumers.add_Nuts_Num()', 'nuts_id_2': 'M_Consumers.add_Nuts_Num()', 'nuts_id_3': 'M_Consumers.add_Nuts_Num()'};{}
GIE_SR_48;UGS Ruedersdorf H;['GIE_SR_48'];['GIE_N_48'];52.478855;13.780083;DE;None;{'eic_code': '21X0000000011756', 'facility_code': '21W000000000048W', 'max_cap_pipe2store_M_m3_per_d': 3.2814965095038335, 'max_cap_store2pipe_M_m3_per_d': 1.405852928200302, 'max_workingGas_M_m3': 1.443, 'name_short': 'RuedersdorfH', 'nuts_id_1': 'DE4', 'nuts_id_2': 'DE40', 'nuts_id_3': 'DE409'};{'eic_code': 0, 'facility_code': 0, 'max_cap_pipe2store_M_m3_per_d': 0.0, 'max_cap_store2pipe_M_m3_per_d': 0.0, 'max_workingGas_M_m3': 0, 'name_short': 0, 'nuts_id_1': 0, 'nuts_id_2': 0, 'nuts_id_3': 0};{'eic_code': 'raw', 'facility_code': 'raw', 'max_cap_pipe2store_M_m3_per_d': 'raw', 'max_cap_store2pipe_M_m3_per_d': 'raw', 'max_workingGas_M_m3': 'raw', 'name_short': 'raw', 'nuts_id_1': 'M_Consumers.add_Nuts_Num()', 'nuts_id_2': 'M_Consumers.add_Nuts_Num()', 'nuts_id_3': 'M_Consumers.add_Nuts_Num()'};{}
GIE_SR_52;UGS Kraak;['GIE_SR_52'];['GIE_N_52'];53.422766;11.360765;DE;None;{'eic_code': '21X0000000013805', 'facility_code': '21W000000000020H', 'max_cap_pipe2store_M_m3_per_d': 9.45915562203357, 'max_cap_store2pipe_M_m3_per_d': 4.565063106652921, 'max_workingGas_M_m3': 3.26, 'name_short': 'Kraak', 'nuts_id_1': 'DE8', 'nuts_id_2': 'DE80', 'nuts_id_3': 'DE80O'};{'eic_code': 0, 'facility_code': 0, 'max_cap_pipe2store_M_m3_per_d': 0.0, 'max_cap_store2pipe_M_m3_per_d': 0.0, 'max_workingGas_M_m3': 0, 'name_short': 0, 'nuts_id_1': 0, 'nuts_id_2': 0, 'nuts_id_3': 0};{'eic_code': 'raw', 'facility_code': 'raw', 'max_cap_pipe2store_M_m3_per_d': 'raw', 'max_cap_store2pipe_M_m3_per_d': 'raw', 'max_workingGas_M_m3': 'raw', 'name_short': 'raw', 'nuts_id_1': 'M_Consumers.add_Nuts_Num()', 'nuts_id_2': 'M_Consumers.add_Nuts_Num()', 'nuts_id_3': 'M_Consumers.add_Nuts_Num()'};{}
GIE_SR_53;UGS Epe IGSNWE H Gas (historical data prior to 1 April 2017);['GIE_SR_53'];['GIE_N_53'];52.175948;7.0;DE;None;{'eic_code': '21X000000001262B', 'facility_code': '21W0000000000524', 'max_cap_pipe2store_M_m3_per_d': 21.19160534073146, 'max_cap_store2pipe_M_m3_per_d': 6.745102878918471, 'max_workingGas_M_m3': 6.1234, 'name_short': 'Epe', 'nuts_id_1': 'DEA', 'nuts_id_2': 'DEA3', 'nuts_id_3': 'DEA34'};{'eic_code': 0, 'facility_code': 0, 'max_cap_pipe2store_M_m3_per_d': 0.0, 'max_cap_store2pipe_M_m3_per_d': 0.0, 'max_workingGas_M_m3': 0, 'name_short': 0, 'nuts_id_1': 0, 'nuts_id_2': 0, 'nuts_id_3': 0};{'eic_code': 'raw', 'facility_code': 'raw', 'max_cap_pipe2store_M_m3_per_d': 'raw', 'max_cap_store2pipe_M_m3_per_d': 'raw', 'max_workingGas_M_m3': 'raw', 'name_short': 'raw', 'nuts_id_1': 'M_Consumers.add_Nuts_Num()', 'nuts_id_2': 'M_Consumers.add_Nuts_Num()', 'nuts_id_3': 'M_Consumers.add_Nuts_Num()'};{}
GIE_SR_54;UGS Epe IGSNWE L Gas;['GIE_SR_54'];['GIE_N_54'];52.176;7.05;DE;None;{'eic_code': '21X000000001262B', 'facility_code': '21W0000000000532', 'max_cap_pipe2store_M_m3_per_d': 8.721918604616892, 'max_cap_store2pipe_M_m3_per_d': 4.360959302308446, 'max_workingGas_M_m3': 2.058, 'name_short': 'Epe', 'nuts_id_1': 'DEA', 'nuts_id_2': 'DEA3', 'nuts_id_3': 'DEA34'};{'eic_code': 0, 'facility_code': 0, 'max_cap_pipe2store_M_m3_per_d': 0.0, 'max_cap_store2pipe_M_m3_per_d': 0.0, 'max_workingGas_M_m3': 0, 'name_short': 0, 'nuts_id_1': 0, 'nuts_id_2': 0, 'nuts_id_3': 0};{'eic_code': 'raw', 'facility_code': 'raw', 'max_cap_pipe2store_M_m3_per_d': 'raw', 'max_cap_store2pipe_M_m3_per_d': 'raw', 'max_workingGas_M_m3': 'raw', 'name_short': 'raw', 'nuts_id_1': 'M_Consumers.add_Nuts_Num()', 'nuts_id_2': 'M_Consumers.add_Nuts_Num()', 'nuts_id_3': 'M_Consumers.add_Nuts_Num()'};{}
GIE_SR_55;UGS Epe NL IGSNWE;['GIE_SR_55'];['GIE_N_53'];52.175948;7.0;DE;None;{'eic_code': '21X000000001262B', 'facility_code': '21W000000000003H', 'max_cap_pipe2store_M_m3_per_d': 10.49726979930288, 'max_cap_store2pipe_M_m3_per_d': 4.199083871276621, 'max_workingGas_M_m3': 5.2074, 'name_short': 'Epe', 'nuts_id_1': 'DEA', 'nuts_id_2': 'DEA3', 'nuts_id_3': 'DEA34'};{'eic_code': 0, 'facility_code': 0, 'max_cap_pipe2store_M_m3_per_d': 0.0, 'max_cap_store2pipe_M_m3_per_d': 0.0, 'max_workingGas_M_m3': 0, 'name_short': 0, 'nuts_id_1': 0, 'nuts_id_2': 0, 'nuts_id_3': 0};{'eic_code': 'raw', 'facility_code': 'raw', 'max_cap_pipe2store_M_m3_per_d': 'raw', 'max_cap_store2pipe_M_m3_per_d': 'raw', 'max_workingGas_M_m3': 'raw', 'name_short': 'raw', 'nuts_id_1': 'M_Consumers.add_Nuts_Num()', 'nuts_id_2': 'M_Consumers.add_Nuts_Num()', 'nuts_id_3': 'M_Consumers.add_Nuts_Num()'};{}
GIE_SR_56;UGS Kalle IGSNWE;['GIE_SR_56'];['GIE_N_53'];52.175948;7.0;DE;None;{'eic_code': '21X000000001262B', 'facility_code': '21W000000000004F', 'max_cap_pipe2store_M_m3_per_d': 10.942427234640398, 'max_cap_store2pipe_M_m3_per_d': 4.86330099317351, 'max_workingGas_M_m3': 2.5186, 'name_short': 'Kalle', 'nuts_id_1': 'DEA', 'nuts_id_2': 'DEA3', 'nuts_id_3': 'DEA34'};{'eic_code': 0, 'facility_code': 0, 'max_cap_pipe2store_M_m3_per_d': 0.0, 'max_cap_store2pipe_M_m3_per_d': 0.0, 'max_workingGas_M_m3': 0, 'name_short': 0, 'nuts_id_1': 0, 'nuts_id_2': 0, 'nuts_id_3': 0};{'eic_code': 'raw', 'facility_code': 'raw', 'max_cap_pipe2store_M_m3_per_d': 'raw', 'max_cap_store2pipe_M_m3_per_d': 'raw', 'max_workingGas_M_m3': 'raw', 'name_short': 'raw', 'nuts_id_1': 'M_Consumers.add_Nuts_Num()', 'nuts_id_2': 'M_Consumers.add_Nuts_Num()', 'nuts_id_3': 'M_Consumers.add_Nuts_Num()'};{}
GIE_SR_57;UGS Stassfurt;['GIE_SR_57'];['GIE_N_57'];51.891723;11.555702;DE;None;{'eic_code': '21X000000001262B', 'facility_code': '21W0000000000265', 'max_cap_pipe2store_M_m3_per_d': 15.43710971910557, 'max_cap_store2pipe_M_m3_per_d': 7.437472249690459, 'max_workingGas_M_m3': 7.4648, 'name_short': 'Stassfurt', 'nuts_id_1': 'DEE', 'nuts_id_2': 'DEE0', 'nuts_id_3': 'DEE0C'};{'eic_code': 0, 'facility_code': 0, 'max_cap_pipe2store_M_m3_per_d': 0.0, 'max_cap_store2pipe_M_m3_per_d': 0.0, 'max_workingGas_M_m3': 0, 'name_short': 0, 'nuts_id_1': 0, 'nuts_id_2': 0, 'nuts_id_3': 0};{'eic_code': 'raw', 'facility_code': 'raw', 'max_cap_pipe2store_M_m3_per_d': 'raw', 'max_cap_store2pipe_M_m3_per_d': 'raw', 'max_workingGas_M_m3': 'raw', 'name_short': 'raw', 'nuts_id_1': 'M_Consumers.add_Nuts_Num()', 'nuts_id_2': 'M_Consumers.add_Nuts_Num()', 'nuts_id_3': 'M_Consumers.add_Nuts_Num()'};{}
GIE_SR_58;UGS Xanten (historical data prior to 1 April 2017);['GIE_SR_58'];['GIE_N_58'];51.663755;6.426365;DE;None;{'eic_code': '21X000000001262B', 'facility_code': '21W0000000000516', 'max_cap_pipe2store_M_m3_per_d': 7.602866711831671, 'max_cap_store2pipe_M_m3_per_d': 2.397339943270227, 'max_workingGas_M_m3': 2.1115, 'name_short': 'Xanten', 'nuts_id_1': 'DEA', 'nuts_id_2': 'DEA1', 'nuts_id_3': 'DEA1F'};{'eic_code': 0, 'facility_code': 0, 'max_cap_pipe2store_M_m3_per_d': 0.0, 'max_cap_store2pipe_M_m3_per_d': 0.0, 'max_workingGas_M_m3': 0, 'name_short': 0, 'nuts_id_1': 0, 'nuts_id_2': 0, 'nuts_id_3': 0};{'eic_code': 'raw', 'facility_code': 'raw', 'max_cap_pipe2store_M_m3_per_d': 'raw', 'max_cap_store2pipe_M_m3_per_d': 'raw', 'max_workingGas_M_m3': 'raw', 'name_short': 'raw', 'nuts_id_1': 'M_Consumers.add_Nuts_Num()', 'nuts_id_2': 'M_Consumers.add_Nuts_Num()', 'nuts_id_3': 'M_Consumers.add_Nuts_Num()'};{}
GIE_SR_59;VGS innEXpool;['GIE_SR_59'];['GIE_N_59'];53.845027;7.344795;DE;None;{'eic_code': '21X000000001262B', 'facility_code': '21W000000000121B', 'max_cap_pipe2store_M_m3_per_d': 28.660748870406405, 'max_cap_store2pipe_M_m3_per_d': 9.152120157739512, 'max_workingGas_M_m3': 6.7009, 'name_short': 'Epe', 'nuts_id_1': 'DE9', 'nuts_id_2': 'DE94', 'nuts_id_3': 'DE94H'};{'eic_code': 0, 'facility_code': 0, 'max_cap_pipe2store_M_m3_per_d': 0.0, 'max_cap_store2pipe_M_m3_per_d': 0.0, 'max_workingGas_M_m3': 0, 'name_short': 0, 'nuts_id_1': 0, 'nuts_id_2': 0, 'nuts_id_3': 0};{'eic_code': 'raw', 'facility_code': 'raw', 'max_cap_pipe2store_M_m3_per_d': 'raw', 'max_cap_store2pipe_M_m3_per_d': 'raw', 'max_workingGas_M_m3': 'raw', 'name_short': 'raw', 'nuts_id_1': 'M_Consumers.add_Nuts_Num()', 'nuts_id_2': 'M_Consumers.add_Nuts_Num()', 'nuts_id_3': 'M_Consumers.add_Nuts_Num()'};{}
GIE_SR_60;UGS Epe (KGE);['GIE_SR_60'];['GIE_N_60'];52.176;7.1;DE;None;{'eic_code': '21X000000001140P', 'facility_code': '21W000000000097J', 'max_cap_pipe2store_M_m3_per_d': 9.62806911528417, 'max_cap_store2pipe_M_m3_per_d': 3.610525918231564, 'max_workingGas_M_m3': 2.2116, 'name_short': 'Epe', 'nuts_id_1': 'DEA', 'nuts_id_2': 'DEA3', 'nuts_id_3': 'DEA34'};{'eic_code': 0, 'facility_code': 0, 'max_cap_pipe2store_M_m3_per_d': 0.0, 'max_cap_store2pipe_M_m3_per_d': 0.0, 'max_workingGas_M_m3': 0, 'name_short': 0, 'nuts_id_1': 0, 'nuts_id_2': 0, 'nuts_id_3': 0};{'eic_code': 'raw', 'facility_code': 'raw', 'max_cap_pipe2store_M_m3_per_d': 'raw', 'max_cap_store2pipe_M_m3_per_d': 'raw', 'max_workingGas_M_m3': 'raw', 'name_short': 'raw', 'nuts_id_1': 'M_Consumers.add_Nuts_Num()', 'nuts_id_2': 'M_Consumers.add_Nuts_Num()', 'nuts_id_3': 'M_Consumers.add_Nuts_Num()'};{}
GIE_SR_61;UGS Haehnlein (historical data prior to 01/04/2016);['GIE_SR_61'];['GIE_N_61'];49.7458;8.554382;DE;None;{'eic_code': '37X000000000042Z', 'facility_code': '21W000000000064Y', 'max_cap_pipe2store_M_m3_per_d': 2.385903092164718, 'max_cap_store2pipe_M_m3_per_d': 1.4313659037433613, 'max_workingGas_M_m3': 0.904, 'name_short': 'Haehnlein', 'nuts_id_1': 'DE7', 'nuts_id_2': 'DE71', 'nuts_id_3': 'DE717'};{'eic_code': 0, 'facility_code': 0, 'max_cap_pipe2store_M_m3_per_d': 0.0, 'max_cap_store2pipe_M_m3_per_d': 0.0, 'max_workingGas_M_m3': 0, 'name_short': 0, 'nuts_id_1': 0, 'nuts_id_2': 0, 'nuts_id_3': 0};{'eic_code': 'raw', 'facility_code': 'raw', 'max_cap_pipe2store_M_m3_per_d': 'raw', 'max_cap_store2pipe_M_m3_per_d': 'raw', 'max_workingGas_M_m3': 'raw', 'name_short': 'raw', 'nuts_id_1': 'M_Consumers.add_Nuts_Num()', 'nuts_id_2': 'M_Consumers.add_Nuts_Num()', 'nuts_id_3': 'M_Consumers.add_Nuts_Num()'};{}
GIE_SR_62;UGS Stockstadt (historical data prior to 01/04/2016);['GIE_SR_62'];['GIE_N_62'];49.822999;8.484942;DE;None;{'eic_code': '37X000000000042Z', 'facility_code': '21W0000000000621', 'max_cap_pipe2store_M_m3_per_d': 3.221672980644246, 'max_cap_store2pipe_M_m3_per_d': 2.1474887345037152, 'max_workingGas_M_m3': 1.526, 'name_short': 'Stockstadt', 'nuts_id_1': 'DE7', 'nuts_id_2': 'DE71', 'nuts_id_3': 'DE717'};{'eic_code': 0, 'facility_code': 0, 'max_cap_pipe2store_M_m3_per_d': 0.0, 'max_cap_store2pipe_M_m3_per_d': 0.0, 'max_workingGas_M_m3': 0, 'name_short': 0, 'nuts_id_1': 0, 'nuts_id_2': 0, 'nuts_id_3': 0};{'eic_code': 'raw', 'facility_code': 'raw', 'max_cap_pipe2store_M_m3_per_d': 'raw', 'max_cap_store2pipe_M_m3_per_d': 'raw', 'max_workingGas_M_m3': 'raw', 'name_short': 'raw', 'nuts_id_1': 'M_Consumers.add_Nuts_Num()', 'nuts_id_2': 'M_Consumers.add_Nuts_Num()', 'nuts_id_3': 'M_Consumers.add_Nuts_Num()'};{}
GIE_SR_65;UGS Enschede - Epe (Nuon);['GIE_SR_65'];['GIE_N_38'];52.18;7.00616;DE;None;{'eic_code': '37X0000000000119', 'facility_code': '21W000000000005D', 'max_cap_pipe2store_M_m3_per_d': 12.45824988500906, 'max_cap_store2pipe_M_m3_per_d': 7.475301834116374, 'max_workingGas_M_m3': 3.338, 'name_short': 'Epe', 'nuts_id_1': 'DEA', 'nuts_id_2': 'DEA3', 'nuts_id_3': 'DEA34'};{'eic_code': 0, 'facility_code': 0, 'max_cap_pipe2store_M_m3_per_d': 0.0, 'max_cap_store2pipe_M_m3_per_d': 0.0, 'max_workingGas_M_m3': 0, 'name_short': 0, 'nuts_id_1': 0, 'nuts_id_2': 0, 'nuts_id_3': 0};{'eic_code': 'raw', 'facility_code': 'raw', 'max_cap_pipe2store_M_m3_per_d': 'raw', 'max_cap_store2pipe_M_m3_per_d': 'raw', 'max_workingGas_M_m3': 'raw', 'name_short': 'raw', 'nuts_id_1': 'M_Consumers.add_Nuts_Num()', 'nuts_id_2': 'M_Consumers.add_Nuts_Num()', 'nuts_id_3': 'M_Consumers.add_Nuts_Num()'};{}
GIE_SR_66;UGS Etzel ESE (OMV);['GIE_SR_66'];['GIE_N_40'];53.461064;7.912085;DE;None;{'eic_code': '25X-OMVGASSTORA5', 'facility_code': '21W000000000056X', 'max_cap_pipe2store_M_m3_per_d': 10.599321701475118, 'max_cap_store2pipe_M_m3_per_d': 6.334255996897481, 'max_workingGas_M_m3': 5.8, 'name_short': 'Etzel', 'nuts_id_1': 'DE9', 'nuts_id_2': 'DE94', 'nuts_id_3': 'DE94H'};{'eic_code': 0, 'facility_code': 0, 'max_cap_pipe2store_M_m3_per_d': 0.0, 'max_cap_store2pipe_M_m3_per_d': 0.0, 'max_workingGas_M_m3': 0, 'name_short': 0, 'nuts_id_1': 0, 'nuts_id_2': 0, 'nuts_id_3': 0};{'eic_code': 'raw', 'facility_code': 'raw', 'max_cap_pipe2store_M_m3_per_d': 'raw', 'max_cap_store2pipe_M_m3_per_d': 'raw', 'max_workingGas_M_m3': 'raw', 'name_short': 'raw', 'nuts_id_1': 'M_Consumers.add_Nuts_Num()', 'nuts_id_2': 'M_Consumers.add_Nuts_Num()', 'nuts_id_3': 'M_Consumers.add_Nuts_Num()'};{}
GIE_SR_68;UGS Kiel-Roenne (Stadtwerke Kiel);['GIE_SR_68'];['GIE_N_68'];54.3275;10.1267;DE;None;{'eic_code': '37X000000000051Y', 'facility_code': '21W0000000001164', 'max_cap_pipe2store_M_m3_per_d': 2.385903092164718, 'max_cap_store2pipe_M_m3_per_d': 1.0011643506207408, 'max_workingGas_M_m3': 0.668, 'name_short': 'KielRoenne', 'nuts_id_1': 'DEF', 'nuts_id_2': 'DEF0', 'nuts_id_3': 'DEF02'};{'eic_code': 0, 'facility_code': 0, 'max_cap_pipe2store_M_m3_per_d': 0.0, 'max_cap_store2pipe_M_m3_per_d': 0.0, 'max_workingGas_M_m3': 0, 'name_short': 0, 'nuts_id_1': 0, 'nuts_id_2': 0, 'nuts_id_3': 0};{'eic_code': 'raw', 'facility_code': 'raw', 'max_cap_pipe2store_M_m3_per_d': 'raw', 'max_cap_store2pipe_M_m3_per_d': 'raw', 'max_workingGas_M_m3': 'raw', 'name_short': 'raw', 'nuts_id_1': 'M_Consumers.add_Nuts_Num()', 'nuts_id_2': 'M_Consumers.add_Nuts_Num()', 'nuts_id_3': 'M_Consumers.add_Nuts_Num()'};{}
GIE_SR_69;UGS Bremen-Lesum (Storengy Deutschland);['GIE_SR_69'];['GIE_N_69'];53.160905;8.718167;DE;None;{'eic_code': '21X000000001072G', 'facility_code': '21W000000000090X', 'max_cap_pipe2store_M_m3_per_d': 4.575620199981083, 'max_cap_store2pipe_M_m3_per_d': 2.1835588033749374, 'max_workingGas_M_m3': 1.598, 'name_short': 'BremenLesum', 'nuts_id_1': 'DE5', 'nuts_id_2': 'DE50', 'nuts_id_3': 'DE501'};{'eic_code': 0, 'facility_code': 0, 'max_cap_pipe2store_M_m3_per_d': 0.0, 'max_cap_store2pipe_M_m3_per_d': 0.0, 'max_workingGas_M_m3': 0, 'name_short': 0, 'nuts_id_1': 0, 'nuts_id_2': 0, 'nuts_id_3': 0};{'eic_code': 'raw', 'facility_code': 'raw', 'max_cap_pipe2store_M_m3_per_d': 'raw', 'max_cap_store2pipe_M_m3_per_d': 'raw', 'max_workingGas_M_m3': 'raw', 'name_short': 'raw', 'nuts_id_1': 'M_Consumers.add_Nuts_Num()', 'nuts_id_2': 'M_Consumers.add_Nuts_Num()', 'nuts_id_3': 'M_Consumers.add_Nuts_Num()'};{}
GIE_SR_70;UGS Fronhofen-Trigonodus;['GIE_SR_70'];['GIE_N_70'];47.851208;9.414961;DE;None;{'eic_code': '21X000000001072G', 'facility_code': '21W000000000091V', 'max_cap_pipe2store_M_m3_per_d': 0.7064454952095385, 'max_cap_store2pipe_M_m3_per_d': 0.47067041088057665, 'max_workingGas_M_m3': 0.1524, 'name_short': 'FronhofenTrigonodus', 'nuts_id_1': 'DE1', 'nuts_id_2': 'DE14', 'nuts_id_3': 'DE148'};{'eic_code': 0, 'facility_code': 0, 'max_cap_pipe2store_M_m3_per_d': 0.0, 'max_cap_store2pipe_M_m3_per_d': 0.0, 'max_workingGas_M_m3': 0, 'name_short': 0, 'nuts_id_1': 0, 'nuts_id_2': 0, 'nuts_id_3': 0};{'eic_code': 'raw', 'facility_code': 'raw', 'max_cap_pipe2store_M_m3_per_d': 'raw', 'max_cap_store2pipe_M_m3_per_d': 'raw', 'max_workingGas_M_m3': 'raw', 'name_short': 'raw', 'nuts_id_1': 'M_Consumers.add_Nuts_Num()', 'nuts_id_2': 'M_Consumers.add_Nuts_Num()', 'nuts_id_3': 'M_Consumers.add_Nuts_Num()'};{}
GIE_SR_71;UGS Harsefeld;['GIE_SR_71'];['GIE_N_71'];53.435469;9.482867;DE;None;{'eic_code': '21X000000001072G', 'facility_code': '21W000000000092T', 'max_cap_pipe2store_M_m3_per_d': 7.221051836463128, 'max_cap_store2pipe_M_m3_per_d': 2.26713579222289, 'max_workingGas_M_m3': 1.372, 'name_short': 'Harsefeld', 'nuts_id_1': 'DE9', 'nuts_id_2': 'DE93', 'nuts_id_3': 'DE939'};{'eic_code': 0, 'facility_code': 0, 'max_cap_pipe2store_M_m3_per_d': 0.0, 'max_cap_store2pipe_M_m3_per_d': 0.0, 'max_workingGas_M_m3': 0, 'name_short': 0, 'nuts_id_1': 0, 'nuts_id_2': 0, 'nuts_id_3': 0};{'eic_code': 'raw', 'facility_code': 'raw', 'max_cap_pipe2store_M_m3_per_d': 'raw', 'max_cap_store2pipe_M_m3_per_d': 'raw', 'max_workingGas_M_m3': 'raw', 'name_short': 'raw', 'nuts_id_1': 'M_Consumers.add_Nuts_Num()', 'nuts_id_2': 'M_Consumers.add_Nuts_Num()', 'nuts_id_3': 'M_Consumers.add_Nuts_Num()'};{}
GIE_SR_72;UGS Peckensen;['GIE_SR_72'];['GIE_N_72'];52.801137;10.942675;DE;None;{'eic_code': '21X000000001072G', 'facility_code': '21W0000000000273', 'max_cap_pipe2store_M_m3_per_d': 20.406861403338052, 'max_cap_store2pipe_M_m3_per_d': 7.516650449651677, 'max_workingGas_M_m3': 4.777, 'name_short': 'Peckensen', 'nuts_id_1': 'DEE', 'nuts_id_2': 'DEE0', 'nuts_id_3': 'DEE04'};{'eic_code': 0, 'facility_code': 0, 'max_cap_pipe2store_M_m3_per_d': 0.0, 'max_cap_store2pipe_M_m3_per_d': 0.0, 'max_workingGas_M_m3': 0, 'name_short': 0, 'nuts_id_1': 0, 'nuts_id_2': 0, 'nuts_id_3': 0};{'eic_code': 'raw', 'facility_code': 'raw', 'max_cap_pipe2store_M_m3_per_d': 'raw', 'max_cap_store2pipe_M_m3_per_d': 'raw', 'max_workingGas_M_m3': 'raw', 'name_short': 'raw', 'nuts_id_1': 'M_Consumers.add_Nuts_Num()', 'nuts_id_2': 'M_Consumers.add_Nuts_Num()', 'nuts_id_3': 'M_Consumers.add_Nuts_Num()'};{}
GIE_SR_73;UGS Schmidthausen;['GIE_SR_73'];['GIE_N_73'];47.915177;12.039466;DE;None;{'eic_code': '21X000000001072G', 'facility_code': '21W000000000089I', 'max_cap_pipe2store_M_m3_per_d': 3.5471833582625893, 'max_cap_store2pipe_M_m3_per_d': 0.9457396106478877, 'max_workingGas_M_m3': 1.81, 'name_short': 'Schmidthausen', 'nuts_id_1': 'DE2', 'nuts_id_2': 'DE21', 'nuts_id_3': 'DE21K'};{'eic_code': 0, 'facility_code': 0, 'max_cap_pipe2store_M_m3_per_d': 0.0, 'max_cap_store2pipe_M_m3_per_d': 0.0, 'max_workingGas_M_m3': 0, 'name_short': 0, 'nuts_id_1': 0, 'nuts_id_2': 0, 'nuts_id_3': 0};{'eic_code': 'raw', 'facility_code': 'raw', 'max_cap_pipe2store_M_m3_per_d': 'raw', 'max_cap_store2pipe_M_m3_per_d': 'raw', 'max_workingGas_M_m3': 'raw', 'name_short': 'raw', 'nuts_id_1': 'M_Consumers.add_Nuts_Num()', 'nuts_id_2': 'M_Consumers.add_Nuts_Num()', 'nuts_id_3': 'M_Consumers.add_Nuts_Num()'};{}
GIE_SR_74;UGS Uelsen;['GIE_SR_74'];['GIE_N_74'];52.504885;6.829442;DE;None;{'eic_code': '21X000000001072G', 'facility_code': '21W000000000093R', 'max_cap_pipe2store_M_m3_per_d': 9.466193684252346, 'max_cap_store2pipe_M_m3_per_d': 7.1585890342715, 'max_workingGas_M_m3': 9.7752, 'name_short': 'Uelsen', 'nuts_id_1': 'DE9', 'nuts_id_2': 'DE94', 'nuts_id_3': 'DE94B'};{'eic_code': 0, 'facility_code': 0, 'max_cap_pipe2store_M_m3_per_d': 0.0, 'max_cap_store2pipe_M_m3_per_d': 0.0, 'max_workingGas_M_m3': 0, 'name_short': 0, 'nuts_id_1': 0, 'nuts_id_2': 0, 'nuts_id_3': 0};{'eic_code': 'raw', 'facility_code': 'raw', 'max_cap_pipe2store_M_m3_per_d': 'raw', 'max_cap_store2pipe_M_m3_per_d': 'raw', 'max_workingGas_M_m3': 'raw', 'name_short': 'raw', 'nuts_id_1': 'M_Consumers.add_Nuts_Num()', 'nuts_id_2': 'M_Consumers.add_Nuts_Num()', 'nuts_id_3': 'M_Consumers.add_Nuts_Num()'};{}
GIE_SR_76;UGS Allmenhausen;['GIE_SR_76'];['GIE_N_76'];51.219587;10.702464;DE;None;{'eic_code': '21X000000001307F', 'facility_code': '21W000000000030E', 'max_cap_pipe2store_M_m3_per_d': 1.4533598481770331, 'max_cap_store2pipe_M_m3_per_d': 1.4533598481770331, 'max_workingGas_M_m3': 0.6881, 'name_short': 'Allmenhausen', 'nuts_id_1': 'DEG', 'nuts_id_2': 'DEG0', 'nuts_id_3': 'DEG09'};{'eic_code': 0, 'facility_code': 0, 'max_cap_pipe2store_M_m3_per_d': 0.0, 'max_cap_store2pipe_M_m3_per_d': 0.0, 'max_workingGas_M_m3': 0, 'name_short': 0, 'nuts_id_1': 0, 'nuts_id_2': 0, 'nuts_id_3': 0};{'eic_code': 'raw', 'facility_code': 'raw', 'max_cap_pipe2store_M_m3_per_d': 'raw', 'max_cap_store2pipe_M_m3_per_d': 'raw', 'max_workingGas_M_m3': 'raw', 'name_short': 'raw', 'nuts_id_1': 'M_Consumers.add_Nuts_Num()', 'nuts_id_2': 'M_Consumers.add_Nuts_Num()', 'nuts_id_3': 'M_Consumers.add_Nuts_Num()'};{}
GIE_SR_77;UGS Epe Trianel;['GIE_SR_77'];['GIE_N_77'];52.176;7.00616;DE;None;{'eic_code': '21X000000001310Q', 'facility_code': '21W000000000085Q', 'max_cap_pipe2store_M_m3_per_d': 14.581105401747063, 'max_cap_store2pipe_M_m3_per_d': 7.290552700873532, 'max_workingGas_M_m3': 2.2903, 'name_short': 'Epe', 'nuts_id_1': 'DEA', 'nuts_id_2': 'DEA3', 'nuts_id_3': 'DEA34'};{'eic_code': 0, 'facility_code': 0, 'max_cap_pipe2store_M_m3_per_d': 0.0, 'max_cap_store2pipe_M_m3_per_d': 0.0, 'max_workingGas_M_m3': 0, 'name_short': 0, 'nuts_id_1': 0, 'nuts_id_2': 0, 'nuts_id_3': 0};{'eic_code': 'raw', 'facility_code': 'raw', 'max_cap_pipe2store_M_m3_per_d': 'raw', 'max_cap_store2pipe_M_m3_per_d': 'raw', 'max_workingGas_M_m3': 'raw', 'name_short': 'raw', 'nuts_id_1': 'M_Consumers.add_Nuts_Num()', 'nuts_id_2': 'M_Consumers.add_Nuts_Num()', 'nuts_id_3': 'M_Consumers.add_Nuts_Num()'};{}
GIE_SR_78;UGS Bierwang;['GIE_SR_78'];['GIE_N_78'];48.127548;12.402956;DE;None;{'eic_code': '21X000000001127H', 'facility_code': '21W0000000000613', 'max_cap_pipe2store_M_m3_per_d': 30.742255771609106, 'max_cap_store2pipe_M_m3_per_d': 23.64788905508393, 'max_workingGas_M_m3': 16.24, 'name_short': 'Bierwang', 'nuts_id_1': 'DE2', 'nuts_id_2': 'DE21', 'nuts_id_3': 'DE21G'};{'eic_code': 0, 'facility_code': 0, 'max_cap_pipe2store_M_m3_per_d': 0.0, 'max_cap_store2pipe_M_m3_per_d': 0.0, 'max_workingGas_M_m3': 0, 'name_short': 0, 'nuts_id_1': 0, 'nuts_id_2': 0, 'nuts_id_3': 0};{'eic_code': 'raw', 'facility_code': 'raw', 'max_cap_pipe2store_M_m3_per_d': 'raw', 'max_cap_store2pipe_M_m3_per_d': 'raw', 'max_workingGas_M_m3': 'raw', 'name_short': 'raw', 'nuts_id_1': 'M_Consumers.add_Nuts_Num()', 'nuts_id_2': 'M_Consumers.add_Nuts_Num()', 'nuts_id_3': 'M_Consumers.add_Nuts_Num()'};{}
GIE_SR_79;UGS Breitbrunn;['GIE_SR_79'];['GIE_N_79'];47.922265;12.433821;DE;None;{'eic_code': '21X000000001127H', 'facility_code': '21W0000000000605', 'max_cap_pipe2store_M_m3_per_d': 12.29725421175458, 'max_cap_store2pipe_M_m3_per_d': 6.555954956788892, 'max_workingGas_M_m3': 11.24, 'name_short': 'Breitbrunn', 'nuts_id_1': 'DE2', 'nuts_id_2': 'DE21', 'nuts_id_3': 'DE21K'};{'eic_code': 0, 'facility_code': 0, 'max_cap_pipe2store_M_m3_per_d': 0.0, 'max_cap_store2pipe_M_m3_per_d': 0.0, 'max_workingGas_M_m3': 0, 'name_short': 0, 'nuts_id_1': 0, 'nuts_id_2': 0, 'nuts_id_3': 0};{'eic_code': 'raw', 'facility_code': 'raw', 'max_cap_pipe2store_M_m3_per_d': 'raw', 'max_cap_store2pipe_M_m3_per_d': 'raw', 'max_workingGas_M_m3': 'raw', 'name_short': 'raw', 'nuts_id_1': 'M_Consumers.add_Nuts_Num()', 'nuts_id_2': 'M_Consumers.add_Nuts_Num()', 'nuts_id_3': 'M_Consumers.add_Nuts_Num()'};{}
GIE_SR_80;UGS Epe Uniper H-Gas;['GIE_SR_80'];['GIE_N_80'];52.177;7.05;DE;None;{'eic_code': '21X000000001127H', 'facility_code': '21W000000000066U', 'max_cap_pipe2store_M_m3_per_d': 42.71399960574534, 'max_cap_store2pipe_M_m3_per_d': 29.64431806548021, 'max_workingGas_M_m3': 18.873, 'name_short': 'EpeH', 'nuts_id_1': 'DEA', 'nuts_id_2': 'DEA3', 'nuts_id_3': 'DEA34'};{'eic_code': 0, 'facility_code': 0, 'max_cap_pipe2store_M_m3_per_d': 0.0, 'max_cap_store2pipe_M_m3_per_d': 0.0, 'max_workingGas_M_m3': 0, 'name_short': 0, 'nuts_id_1': 0, 'nuts_id_2': 0, 'nuts_id_3': 0};{'eic_code': 'raw', 'facility_code': 'raw', 'max_cap_pipe2store_M_m3_per_d': 'raw', 'max_cap_store2pipe_M_m3_per_d': 'raw', 'max_workingGas_M_m3': 'raw', 'name_short': 'raw', 'nuts_id_1': 'M_Consumers.add_Nuts_Num()', 'nuts_id_2': 'M_Consumers.add_Nuts_Num()', 'nuts_id_3': 'M_Consumers.add_Nuts_Num()'};{}
GIE_SR_81;UGS Epe Uniper L-Gas;['GIE_SR_81'];['GIE_N_81'];52.178;7.05;DE;None;{'eic_code': '21X000000001127H', 'facility_code': '21W000000000065W', 'max_cap_pipe2store_M_m3_per_d': 25.083653747714024, 'max_cap_store2pipe_M_m3_per_d': 12.250627049555197, 'max_workingGas_M_m3': 4.717, 'name_short': 'EpeL', 'nuts_id_1': 'DEA', 'nuts_id_2': 'DEA3', 'nuts_id_3': 'DEA34'};{'eic_code': 0, 'facility_code': 0, 'max_cap_pipe2store_M_m3_per_d': 0.0, 'max_cap_store2pipe_M_m3_per_d': 0.0, 'max_workingGas_M_m3': 0, 'name_short': 0, 'nuts_id_1': 0, 'nuts_id_2': 0, 'nuts_id_3': 0};{'eic_code': 'raw', 'facility_code': 'raw', 'max_cap_pipe2store_M_m3_per_d': 'raw', 'max_cap_store2pipe_M_m3_per_d': 'raw', 'max_workingGas_M_m3': 'raw', 'name_short': 'raw', 'nuts_id_1': 'M_Consumers.add_Nuts_Num()', 'nuts_id_2': 'M_Consumers.add_Nuts_Num()', 'nuts_id_3': 'M_Consumers.add_Nuts_Num()'};{}
GIE_SR_82;UGS Eschenfelden;['GIE_SR_82'];['GIE_N_82'];49.5845;11.6307;DE;None;{'eic_code': '21X000000001127H', 'facility_code': '21W000000000083U', 'max_cap_pipe2store_M_m3_per_d': 2.0498356212182127, 'max_cap_store2pipe_M_m3_per_d': 0.7873832107254507, 'max_workingGas_M_m3': 0.538, 'name_short': 'Eschenfelden', 'nuts_id_1': 'DE2', 'nuts_id_2': 'DE23', 'nuts_id_3': 'DE234'};{'eic_code': 0, 'facility_code': 0, 'max_cap_pipe2store_M_m3_per_d': 0.0, 'max_cap_store2pipe_M_m3_per_d': 0.0, 'max_workingGas_M_m3': 0, 'name_short': 0, 'nuts_id_1': 0, 'nuts_id_2': 0, 'nuts_id_3': 0};{'eic_code': 'raw', 'facility_code': 'raw', 'max_cap_pipe2store_M_m3_per_d': 'raw', 'max_cap_store2pipe_M_m3_per_d': 'raw', 'max_workingGas_M_m3': 'raw', 'name_short': 'raw', 'nuts_id_1': 'M_Consumers.add_Nuts_Num()', 'nuts_id_2': 'M_Consumers.add_Nuts_Num()', 'nuts_id_3': 'M_Consumers.add_Nuts_Num()'};{}
GIE_SR_83;UGS Etzel Erdgas Lager EGL;['GIE_SR_83'];['GIE_N_40'];53.461064;7.912085;DE;None;{'eic_code': '21X000000001127H', 'facility_code': '21W000000000059R', 'max_cap_pipe2store_M_m3_per_d': 32.330218559720215, 'max_cap_store2pipe_M_m3_per_d': 17.811575960164777, 'max_workingGas_M_m3': 12.389, 'name_short': 'Etzel', 'nuts_id_1': 'DE9', 'nuts_id_2': 'DE94', 'nuts_id_3': 'DE94H'};{'eic_code': 0, 'facility_code': 0, 'max_cap_pipe2store_M_m3_per_d': 0.0, 'max_cap_store2pipe_M_m3_per_d': 0.0, 'max_workingGas_M_m3': 0, 'name_short': 0, 'nuts_id_1': 0, 'nuts_id_2': 0, 'nuts_id_3': 0};{'eic_code': 'raw', 'facility_code': 'raw', 'max_cap_pipe2store_M_m3_per_d': 'raw', 'max_cap_store2pipe_M_m3_per_d': 'raw', 'max_workingGas_M_m3': 'raw', 'name_short': 'raw', 'nuts_id_1': 'M_Consumers.add_Nuts_Num()', 'nuts_id_2': 'M_Consumers.add_Nuts_Num()', 'nuts_id_3': 'M_Consumers.add_Nuts_Num()'};{}
GIE_SR_84;UGS Etzel ESE (Uniper Energy Storage);['GIE_SR_84'];['GIE_N_40'];53.461064;7.912085;DE;None;{'eic_code': '21X000000001127H', 'facility_code': '21W0000000000168', 'max_cap_pipe2store_M_m3_per_d': 34.90175054290512, 'max_cap_store2pipe_M_m3_per_d': 37.59820813047328, 'max_workingGas_M_m3': 14.512, 'name_short': 'Etzel', 'nuts_id_1': 'DE9', 'nuts_id_2': 'DE94', 'nuts_id_3': 'DE94H'};{'eic_code': 0, 'facility_code': 0, 'max_cap_pipe2store_M_m3_per_d': 0.0, 'max_cap_store2pipe_M_m3_per_d': 0.0, 'max_workingGas_M_m3': 0, 'name_short': 0, 'nuts_id_1': 0, 'nuts_id_2': 0, 'nuts_id_3': 0};{'eic_code': 'raw', 'facility_code': 'raw', 'max_cap_pipe2store_M_m3_per_d': 'raw', 'max_cap_store2pipe_M_m3_per_d': 'raw', 'max_workingGas_M_m3': 'raw', 'name_short': 'raw', 'nuts_id_1': 'M_Consumers.add_Nuts_Num()', 'nuts_id_2': 'M_Consumers.add_Nuts_Num()', 'nuts_id_3': 'M_Consumers.add_Nuts_Num()'};{}
GIE_SR_85;UGS Krummhorn;['GIE_SR_85'];['GIE_N_85'];53.36059;7.065929;DE;None;{'eic_code': '21X000000001127H', 'facility_code': '21W000000000067S', 'max_cap_pipe2store_M_m3_per_d': 7.474422076339026, 'max_cap_store2pipe_M_m3_per_d': 2.216989598914118, 'max_workingGas_M_m3': 2.78, 'name_short': 'Krummhorn', 'nuts_id_1': 'DE9', 'nuts_id_2': 'DE94', 'nuts_id_3': 'DE947'};{'eic_code': 0, 'facility_code': 0, 'max_cap_pipe2store_M_m3_per_d': 0.0, 'max_cap_store2pipe_M_m3_per_d': 0.0, 'max_workingGas_M_m3': 0, 'name_short': 0, 'nuts_id_1': 0, 'nuts_id_2': 0, 'nuts_id_3': 0};{'eic_code': 'raw', 'facility_code': 'raw', 'max_cap_pipe2store_M_m3_per_d': 'raw', 'max_cap_store2pipe_M_m3_per_d': 'raw', 'max_workingGas_M_m3': 'raw', 'name_short': 'raw', 'nuts_id_1': 'M_Consumers.add_Nuts_Num()', 'nuts_id_2': 'M_Consumers.add_Nuts_Num()', 'nuts_id_3': 'M_Consumers.add_Nuts_Num()'};{}
GIE_SR_86;UGS Etzel ESE (VNG);['GIE_SR_86'];['GIE_N_40'];53.461064;7.912085;DE;None;{'eic_code': '21X000000001138C', 'facility_code': '21W000000000120D', 'max_cap_pipe2store_M_m3_per_d': 4.067999962451938, 'max_cap_store2pipe_M_m3_per_d': 5.019018119763906, 'max_workingGas_M_m3': 1.4745, 'name_short': 'Etzel', 'nuts_id_1': 'DE9', 'nuts_id_2': 'DE94', 'nuts_id_3': 'DE94H'};{'eic_code': 0, 'facility_code': 0, 'max_cap_pipe2store_M_m3_per_d': 0.0, 'max_cap_store2pipe_M_m3_per_d': 0.0, 'max_workingGas_M_m3': 0, 'name_short': 0, 'nuts_id_1': 0, 'nuts_id_2': 0, 'nuts_id_3': 0};{'eic_code': 'raw', 'facility_code': 'raw', 'max_cap_pipe2store_M_m3_per_d': 'raw', 'max_cap_store2pipe_M_m3_per_d': 'raw', 'max_workingGas_M_m3': 'raw', 'name_short': 'raw', 'nuts_id_1': 'M_Consumers.add_Nuts_Num()', 'nuts_id_2': 'M_Consumers.add_Nuts_Num()', 'nuts_id_3': 'M_Consumers.add_Nuts_Num()'};{}
GIE_SR_87;UGS Kirchheiligen;['GIE_SR_87'];['GIE_N_87'];51.219587;10.75;DE;None;{'eic_code': '21X000000001138C', 'facility_code': '21W000000000023B', 'max_cap_pipe2store_M_m3_per_d': 2.9850181385379377, 'max_cap_store2pipe_M_m3_per_d': 3.343079553918115, 'max_workingGas_M_m3': 2.0641, 'name_short': 'Kirchheiligen', 'nuts_id_1': 'DEG', 'nuts_id_2': 'DEG0', 'nuts_id_3': 'DEG09'};{'eic_code': 0, 'facility_code': 0, 'max_cap_pipe2store_M_m3_per_d': 0.0, 'max_cap_store2pipe_M_m3_per_d': 0.0, 'max_workingGas_M_m3': 0, 'name_short': 0, 'nuts_id_1': 0, 'nuts_id_2': 0, 'nuts_id_3': 0};{'eic_code': 'raw', 'facility_code': 'raw', 'max_cap_pipe2store_M_m3_per_d': 'raw', 'max_cap_store2pipe_M_m3_per_d': 'raw', 'max_workingGas_M_m3': 'raw', 'name_short': 'raw', 'nuts_id_1': 'M_Consumers.add_Nuts_Num()', 'nuts_id_2': 'M_Consumers.add_Nuts_Num()', 'nuts_id_3': 'M_Consumers.add_Nuts_Num()'};{}
GIE_SR_88;VGS Storage Hub (Bernburg, Bad Lauchstaedt);['GIE_SR_88'];['GIE_N_88'];51.430367;11.833526;DE;None;{'eic_code': '21X000000001138C', 'facility_code': '21W0000000000427', 'max_cap_pipe2store_M_m3_per_d': 44.07762416063299, 'max_cap_store2pipe_M_m3_per_d': 30.121146780802214, 'max_workingGas_M_m3': 23.477, 'name_short': 'Bernburg', 'nuts_id_1': 'DEE', 'nuts_id_2': 'DEE0', 'nuts_id_3': 'DEE0B'};{'eic_code': 0, 'facility_code': 0, 'max_cap_pipe2store_M_m3_per_d': 0.0, 'max_cap_store2pipe_M_m3_per_d': 0.0, 'max_workingGas_M_m3': 0, 'name_short': 0, 'nuts_id_1': 0, 'nuts_id_2': 0, 'nuts_id_3': 0};{'eic_code': 'raw', 'facility_code': 'raw', 'max_cap_pipe2store_M_m3_per_d': 'raw', 'max_cap_store2pipe_M_m3_per_d': 'raw', 'max_workingGas_M_m3': 'raw', 'name_short': 'raw', 'nuts_id_1': 'M_Consumers.add_Nuts_Num()', 'nuts_id_2': 'M_Consumers.add_Nuts_Num()', 'nuts_id_3': 'M_Consumers.add_Nuts_Num()'};{}
GIE_SR_89;VGS GSD Gas Storage (Lille Torup, Stenlille);['GIE_SR_89'];['GIE_N_89'];56.640401;9.41462;DK;None;{'eic_code': '21X000000001104T', 'facility_code': '45W000000000112V', 'max_cap_pipe2store_M_m3_per_d': 18.877842386309187, 'max_cap_store2pipe_M_m3_per_d': 8.929541440070754, 'max_workingGas_M_m3': 12.4806, 'name_short': 'LilleTorup', 'nuts_id_1': 'DK0', 'nuts_id_2': 'DK04', 'nuts_id_3': 'DK041'};{'eic_code': 0, 'facility_code': 0, 'max_cap_pipe2store_M_m3_per_d': 0.0, 'max_cap_store2pipe_M_m3_per_d': 0.0, 'max_workingGas_M_m3': 0, 'name_short': 0, 'nuts_id_1': 0, 'nuts_id_2': 0, 'nuts_id_3': 0};{'eic_code': 'raw', 'facility_code': 'raw', 'max_cap_pipe2store_M_m3_per_d': 'raw', 'max_cap_store2pipe_M_m3_per_d': 'raw', 'max_workingGas_M_m3': 'raw', 'name_short': 'raw', 'nuts_id_1': 'M_Consumers.add_Nuts_Num()', 'nuts_id_2': 'M_Consumers.add_Nuts_Num()', 'nuts_id_3': 'M_Consumers.add_Nuts_Num()'};{}
GIE_SR_90;VGS Enagas Basic Underground Storage (Serrablo, Yela, Gaviota, Marismas);['GIE_SR_90'];['GIE_N_90'];37.067092;-6.366233;ES;None;{'eic_code': '21X0000000013368', 'facility_code': '21W000000000032A', 'max_cap_pipe2store_M_m3_per_d': 19.517426290440362, 'max_cap_store2pipe_M_m3_per_d': 12.723056975990469, 'max_workingGas_M_m3': 34.248, 'name_short': 'Marismas', 'nuts_id_1': 'ES6', 'nuts_id_2': 'ES61', 'nuts_id_3': 'ES618'};{'eic_code': 0, 'facility_code': 0, 'max_cap_pipe2store_M_m3_per_d': 0.0, 'max_cap_store2pipe_M_m3_per_d': 0.0, 'max_workingGas_M_m3': 0, 'name_short': 0, 'nuts_id_1': 0, 'nuts_id_2': 0, 'nuts_id_3': 0};{'eic_code': 'raw', 'facility_code': 'raw', 'max_cap_pipe2store_M_m3_per_d': 'raw', 'max_cap_store2pipe_M_m3_per_d': 'raw', 'max_workingGas_M_m3': 'raw', 'name_short': 'raw', 'nuts_id_1': 'M_Consumers.add_Nuts_Num()', 'nuts_id_2': 'M_Consumers.add_Nuts_Num()', 'nuts_id_3': 'M_Consumers.add_Nuts_Num()'};{}
GIE_SR_91;VGS SALINE (Tersanne, Etrez, Manosque);['GIE_SR_91'];['GIE_N_91'];43.868812;5.756336;FR;None;{'eic_code': '21X000000001083B', 'facility_code': '21W000000000084S', 'max_cap_pipe2store_M_m3_per_d': 56.480449305669204, 'max_cap_store2pipe_M_m3_per_d': 11.964705771917464, 'max_workingGas_M_m3': 12.2, 'name_short': 'Etrez', 'nuts_id_1': 'FRL', 'nuts_id_2': 'FRL0', 'nuts_id_3': 'FRL01'};{'eic_code': 0, 'facility_code': 0, 'max_cap_pipe2store_M_m3_per_d': 0.0, 'max_cap_store2pipe_M_m3_per_d': 0.0, 'max_workingGas_M_m3': 0, 'name_short': 0, 'nuts_id_1': 0, 'nuts_id_2': 0, 'nuts_id_3': 0};{'eic_code': 'raw', 'facility_code': 'raw', 'max_cap_pipe2store_M_m3_per_d': 'raw', 'max_cap_store2pipe_M_m3_per_d': 'raw', 'max_workingGas_M_m3': 'raw', 'name_short': 'raw', 'nuts_id_1': 'M_Consumers.add_Nuts_Num()', 'nuts_id_2': 'M_Consumers.add_Nuts_Num()', 'nuts_id_3': 'M_Consumers.add_Nuts_Num()'};{}
GIE_SR_92;VGS SEDIANE (Saint-Illiers, Beynes Superieur, Beynes Profond);['GIE_SR_92'];['GIE_N_92'];48.844032;1.873865;FR;None;{'eic_code': '21X000000001083B', 'facility_code': '21W0000000000710', 'max_cap_pipe2store_M_m3_per_d': 25.585995438579086, 'max_cap_store2pipe_M_m3_per_d': 13.989028417592616, 'max_workingGas_M_m3': 12.2172, 'name_short': 'BeynesProfond', 'nuts_id_1': 'FR1', 'nuts_id_2': 'FR10', 'nuts_id_3': 'FR103'};{'eic_code': 0, 'facility_code': 0, 'max_cap_pipe2store_M_m3_per_d': 0.0, 'max_cap_store2pipe_M_m3_per_d': 0.0, 'max_workingGas_M_m3': 0, 'name_short': 0, 'nuts_id_1': 0, 'nuts_id_2': 0, 'nuts_id_3': 0};{'eic_code': 'raw', 'facility_code': 'raw', 'max_cap_pipe2store_M_m3_per_d': 'raw', 'max_cap_store2pipe_M_m3_per_d': 'raw', 'max_workingGas_M_m3': 'raw', 'name_short': 'raw', 'nuts_id_1': 'M_Consumers.add_Nuts_Num()', 'nuts_id_2': 'M_Consumers.add_Nuts_Num()', 'nuts_id_3': 'M_Consumers.add_Nuts_Num()'};{}
GIE_SR_93;VGS SEDIANE B (Gournay-sur-Aronde);['GIE_SR_93'];['GIE_N_93'];49.526019;2.699989;FR;None;{'eic_code': '21X000000001083B', 'facility_code': '21W0000000000702', 'max_cap_pipe2store_M_m3_per_d': 21.826790455975903, 'max_cap_store2pipe_M_m3_per_d': 9.85328710628497, 'max_workingGas_M_m3': 13.4, 'name_short': 'GournaySurAronde', 'nuts_id_1': 'FRE', 'nuts_id_2': 'FRE2', 'nuts_id_3': 'FRE22'};{'eic_code': 0, 'facility_code': 0, 'max_cap_pipe2store_M_m3_per_d': 0.0, 'max_cap_store2pipe_M_m3_per_d': 0.0, 'max_workingGas_M_m3': 0, 'name_short': 0, 'nuts_id_1': 0, 'nuts_id_2': 0, 'nuts_id_3': 0};{'eic_code': 'raw', 'facility_code': 'raw', 'max_cap_pipe2store_M_m3_per_d': 'raw', 'max_cap_store2pipe_M_m3_per_d': 'raw', 'max_workingGas_M_m3': 'raw', 'name_short': 'raw', 'nuts_id_1': 'M_Consumers.add_Nuts_Num()', 'nuts_id_2': 'M_Consumers.add_Nuts_Num()', 'nuts_id_3': 'M_Consumers.add_Nuts_Num()'};{}
GIE_SR_94;VGS SEDIANE LITTORAL (Chemery, Cere-la-Ronde, Soings-en-Sologne);['GIE_SR_94'];['GIE_N_94'];47.387853;1.486212;FR;None;{'eic_code': '21X000000001083B', 'facility_code': '21W000000000072Z', 'max_cap_pipe2store_M_m3_per_d': 36.59792353762989, 'max_cap_store2pipe_M_m3_per_d': 22.87370221101868, 'max_workingGas_M_m3': 33.2, 'name_short': 'Chemery', 'nuts_id_1': 'FRB', 'nuts_id_2': 'FRB0', 'nuts_id_3': 'FRB05'};{'eic_code': 0, 'facility_code': 0, 'max_cap_pipe2store_M_m3_per_d': 0.0, 'max_cap_store2pipe_M_m3_per_d': 0.0, 'max_workingGas_M_m3': 0, 'name_short': 0, 'nuts_id_1': 0, 'nuts_id_2': 0, 'nuts_id_3': 0};{'eic_code': 'raw', 'facility_code': 'raw', 'max_cap_pipe2store_M_m3_per_d': 'raw', 'max_cap_store2pipe_M_m3_per_d': 'raw', 'max_workingGas_M_m3': 'raw', 'name_short': 'raw', 'nuts_id_1': 'M_Consumers.add_Nuts_Num()', 'nuts_id_2': 'M_Consumers.add_Nuts_Num()', 'nuts_id_3': 'M_Consumers.add_Nuts_Num()'};{}
GIE_SR_95;VGS SERENE NORD (Trois Fontaines lAbbaye, Cerville, Germiny-sous-Coulombs, Saint-Clair-sur-Epte);['GIE_SR_95'];['GIE_N_95'];48.707076;6.298375;FR;None;{'eic_code': '21X000000001083B', 'facility_code': '21W000000000073X', 'max_cap_pipe2store_M_m3_per_d': 20.53090724994396, 'max_cap_store2pipe_M_m3_per_d': 17.125364893834217, 'max_workingGas_M_m3': 20.8549, 'name_short': 'Cerville', 'nuts_id_1': 'FRF', 'nuts_id_2': 'FRF3', 'nuts_id_3': 'FRF31'};{'eic_code': 0, 'facility_code': 0, 'max_cap_pipe2store_M_m3_per_d': 0.0, 'max_cap_store2pipe_M_m3_per_d': 0.0, 'max_workingGas_M_m3': 0, 'name_short': 0, 'nuts_id_1': 0, 'nuts_id_2': 0, 'nuts_id_3': 0};{'eic_code': 'raw', 'facility_code': 'raw', 'max_cap_pipe2store_M_m3_per_d': 'raw', 'max_cap_store2pipe_M_m3_per_d': 'raw', 'max_workingGas_M_m3': 'raw', 'name_short': 'raw', 'nuts_id_1': 'M_Consumers.add_Nuts_Num()', 'nuts_id_2': 'M_Consumers.add_Nuts_Num()', 'nuts_id_3': 'M_Consumers.add_Nuts_Num()'};{}
GIE_SR_96;VGS SERENE SUD (Chemery, Cere-la-Ronde, Soings-en-Sologne);['GIE_SR_96'];['GIE_N_94'];47.387853;1.486212;FR;None;{'eic_code': '21X000000001083B', 'facility_code': '21W000000000069O', 'max_cap_pipe2store_M_m3_per_d': 24.578672783516918, 'max_cap_store2pipe_M_m3_per_d': 19.944988570230944, 'max_workingGas_M_m3': 25.2152, 'name_short': 'Chemery', 'nuts_id_1': 'FRB', 'nuts_id_2': 'FRB0', 'nuts_id_3': 'FRB05'};{'eic_code': 0, 'facility_code': 0, 'max_cap_pipe2store_M_m3_per_d': 0.0, 'max_cap_store2pipe_M_m3_per_d': 0.0, 'max_workingGas_M_m3': 0, 'name_short': 0, 'nuts_id_1': 0, 'nuts_id_2': 0, 'nuts_id_3': 0};{'eic_code': 'raw', 'facility_code': 'raw', 'max_cap_pipe2store_M_m3_per_d': 'raw', 'max_cap_store2pipe_M_m3_per_d': 'raw', 'max_workingGas_M_m3': 'raw', 'name_short': 'raw', 'nuts_id_1': 'M_Consumers.add_Nuts_Num()', 'nuts_id_2': 'M_Consumers.add_Nuts_Num()', 'nuts_id_3': 'M_Consumers.add_Nuts_Num()'};{}
GIE_SR_97;VGS Lussagnet (TEREGA);['GIE_SR_97'];['GIE_N_97'];43.780448;-0.220066;FR;None;{'eic_code': '21X-FR-B-A0A0A-J', 'facility_code': '21W000000000068Q', 'max_cap_pipe2store_M_m3_per_d': 50.2359286020611, 'max_cap_store2pipe_M_m3_per_d': 29.04432326132964, 'max_workingGas_M_m3': 33.0142, 'name_short': 'Lussagnet', 'nuts_id_1': 'FRI', 'nuts_id_2': 'FRI1', 'nuts_id_3': 'FRI13'};{'eic_code': 0, 'facility_code': 0, 'max_cap_pipe2store_M_m3_per_d': 0.0, 'max_cap_store2pipe_M_m3_per_d': 0.0, 'max_workingGas_M_m3': 0, 'name_short': 0, 'nuts_id_1': 0, 'nuts_id_2': 0, 'nuts_id_3': 0};{'eic_code': 'raw', 'facility_code': 'raw', 'max_cap_pipe2store_M_m3_per_d': 'raw', 'max_cap_store2pipe_M_m3_per_d': 'raw', 'max_workingGas_M_m3': 'raw', 'name_short': 'raw', 'nuts_id_1': 'M_Consumers.add_Nuts_Num()', 'nuts_id_2': 'M_Consumers.add_Nuts_Num()', 'nuts_id_3': 'M_Consumers.add_Nuts_Num()'};{}
GIE_SR_99;UGS Humbly Grove;['GIE_SR_99'];['GIE_N_99'];51.194305;-1.010382;GB;None;{'eic_code': '55XHUMBLYGROVE1H', 'facility_code': '55WHUMBLY1GROVER', 'max_cap_pipe2store_M_m3_per_d': 6.950086441040291, 'max_cap_store2pipe_M_m3_per_d': 7.829844218387164, 'max_workingGas_M_m3': 3.135, 'name_short': 'HumblyGrove', 'nuts_id_1': 'UKJ', 'nuts_id_2': 'UKJ3', 'nuts_id_3': 'UKJ37'};{'eic_code': 0, 'facility_code': 0, 'max_cap_pipe2store_M_m3_per_d': 0.0, 'max_cap_store2pipe_M_m3_per_d': 0.0, 'max_workingGas_M_m3': 0, 'name_short': 0, 'nuts_id_1': 0, 'nuts_id_2': 0, 'nuts_id_3': 0};{'eic_code': 'raw', 'facility_code': 'raw', 'max_cap_pipe2store_M_m3_per_d': 'raw', 'max_cap_store2pipe_M_m3_per_d': 'raw', 'max_workingGas_M_m3': 'raw', 'name_short': 'raw', 'nuts_id_1': 'M_Consumers.add_Nuts_Num()', 'nuts_id_2': 'M_Consumers.add_Nuts_Num()', 'nuts_id_3': 'M_Consumers.add_Nuts_Num()'};{}
GIE_SR_101;UGS Aldbrough I;['GIE_SR_101'];['GIE_N_101'];53.813895;-0.087273;GB;None;{'eic_code': '23X--140207-SSE9', 'facility_code': '55WALDBOROUGH00H', 'max_cap_pipe2store_M_m3_per_d': 30.087715985263035, 'max_cap_store2pipe_M_m3_per_d': 27.36046687548773, 'max_workingGas_M_m3': 2.3084, 'name_short': 'AldbroughI', 'nuts_id_1': 'UKE', 'nuts_id_2': 'UKE1', 'nuts_id_3': 'UKE12'};{'eic_code': 0, 'facility_code': 0, 'max_cap_pipe2store_M_m3_per_d': 0.0, 'max_cap_store2pipe_M_m3_per_d': 0.0, 'max_workingGas_M_m3': 0, 'name_short': 0, 'nuts_id_1': 0, 'nuts_id_2': 0, 'nuts_id_3': 0};{'eic_code': 'raw', 'facility_code': 'raw', 'max_cap_pipe2store_M_m3_per_d': 'raw', 'max_cap_store2pipe_M_m3_per_d': 'raw', 'max_workingGas_M_m3': 'raw', 'name_short': 'raw', 'nuts_id_1': 'M_Consumers.add_Nuts_Num()', 'nuts_id_2': 'M_Consumers.add_Nuts_Num()', 'nuts_id_3': 'M_Consumers.add_Nuts_Num()'};{}
GIE_SR_102;UGS Atwick;['GIE_SR_102'];['GIE_N_102'];53.946533;-0.207479;GB;None;{'eic_code': '23X--140207-SSE9', 'facility_code': '55WATWICK-SSE00J', 'max_cap_pipe2store_M_m3_per_d': 11.43685110550934, 'max_cap_store2pipe_M_m3_per_d': 2.639273332040617, 'max_workingGas_M_m3': 3.164, 'name_short': 'Atwick', 'nuts_id_1': 'UKE', 'nuts_id_2': 'UKE1', 'nuts_id_3': 'UKE12'};{'eic_code': 0, 'facility_code': 0, 'max_cap_pipe2store_M_m3_per_d': 0.0, 'max_cap_store2pipe_M_m3_per_d': 0.0, 'max_workingGas_M_m3': 0, 'name_short': 0, 'nuts_id_1': 0, 'nuts_id_2': 0, 'nuts_id_3': 0};{'eic_code': 'raw', 'facility_code': 'raw', 'max_cap_pipe2store_M_m3_per_d': 'raw', 'max_cap_store2pipe_M_m3_per_d': 'raw', 'max_workingGas_M_m3': 'raw', 'name_short': 'raw', 'nuts_id_1': 'M_Consumers.add_Nuts_Num()', 'nuts_id_2': 'M_Consumers.add_Nuts_Num()', 'nuts_id_3': 'M_Consumers.add_Nuts_Num()'};{}
GIE_SR_103;UGS Stublach;['GIE_SR_103'];['GIE_N_103'];53.234065;-2.435024;GB;None;{'eic_code': '48XSTORENGYUK01P', 'facility_code': '21W000000000101H', 'max_cap_pipe2store_M_m3_per_d': 22.06432505585956, 'max_cap_store2pipe_M_m3_per_d': 24.3868855880553, 'max_workingGas_M_m3': 4.4, 'name_short': 'Stublach', 'nuts_id_1': 'UKD', 'nuts_id_2': 'UKD6', 'nuts_id_3': 'UKD63'};{'eic_code': 0, 'facility_code': 0, 'max_cap_pipe2store_M_m3_per_d': 0.0, 'max_cap_store2pipe_M_m3_per_d': 0.0, 'max_workingGas_M_m3': 0, 'name_short': 0, 'nuts_id_1': 0, 'nuts_id_2': 0, 'nuts_id_3': 0};{'eic_code': 'raw', 'facility_code': 'raw', 'max_cap_pipe2store_M_m3_per_d': 'raw', 'max_cap_store2pipe_M_m3_per_d': 'raw', 'max_workingGas_M_m3': 'raw', 'name_short': 'raw', 'nuts_id_1': 'M_Consumers.add_Nuts_Num()', 'nuts_id_2': 'M_Consumers.add_Nuts_Num()', 'nuts_id_3': 'M_Consumers.add_Nuts_Num()'};{}
GIE_SR_104;UGS Holford;['GIE_SR_104'];['GIE_N_104'];53.225722;-2.405628;GB;None;{'eic_code': '21X0000000013716', 'facility_code': '21W000000000112C', 'max_cap_pipe2store_M_m3_per_d': 20.96726710750801, 'max_cap_store2pipe_M_m3_per_d': 25.161072432120548, 'max_workingGas_M_m3': 2.5675, 'name_short': 'Holford', 'nuts_id_1': 'UKD', 'nuts_id_2': 'UKD6', 'nuts_id_3': 'UKD63'};{'eic_code': 0, 'facility_code': 0, 'max_cap_pipe2store_M_m3_per_d': 0.0, 'max_cap_store2pipe_M_m3_per_d': 0.0, 'max_workingGas_M_m3': 0, 'name_short': 0, 'nuts_id_1': 0, 'nuts_id_2': 0, 'nuts_id_3': 0};{'eic_code': 'raw', 'facility_code': 'raw', 'max_cap_pipe2store_M_m3_per_d': 'raw', 'max_cap_store2pipe_M_m3_per_d': 'raw', 'max_workingGas_M_m3': 'raw', 'name_short': 'raw', 'nuts_id_1': 'M_Consumers.add_Nuts_Num()', 'nuts_id_2': 'M_Consumers.add_Nuts_Num()', 'nuts_id_3': 'M_Consumers.add_Nuts_Num()'};{}
GIE_SR_105;UGS Okoli;['GIE_SR_105'];['GIE_N_105'];45.59451;16.520556;HR;None;{'eic_code': '31X-PSP-OSS-HR-D', 'facility_code': '21W000000000077P', 'max_cap_pipe2store_M_m3_per_d': 5.328692857390005, 'max_cap_store2pipe_M_m3_per_d': 3.996739582486841, 'max_workingGas_M_m3': 5.7159, 'name_short': 'Okoli', 'nuts_id_1': 'HR0', 'nuts_id_2': 'HR04', 'nuts_id_3': 'HR04E'};{'eic_code': 0, 'facility_code': 0, 'max_cap_pipe2store_M_m3_per_d': 0.0, 'max_cap_store2pipe_M_m3_per_d': 0.0, 'max_workingGas_M_m3': 0, 'name_short': 0, 'nuts_id_1': 0, 'nuts_id_2': 0, 'nuts_id_3': 0};{'eic_code': 'raw', 'facility_code': 'raw', 'max_cap_pipe2store_M_m3_per_d': 'raw', 'max_cap_store2pipe_M_m3_per_d': 'raw', 'max_workingGas_M_m3': 'raw', 'name_short': 'raw', 'nuts_id_1': 'M_Consumers.add_Nuts_Num()', 'nuts_id_2': 'M_Consumers.add_Nuts_Num()', 'nuts_id_3': 'M_Consumers.add_Nuts_Num()'};{}
GIE_SR_106;VGS MFGT (Pusztaederics, Zsana-Nord, Kardoskut-Pusztaszolos, Hajduszoboszlo);['GIE_SR_106'];['GIE_N_106'];47.507335;21.366312;HU;None;{'eic_code': '21X0000000013635', 'facility_code': '21W000000000087M', 'max_cap_pipe2store_M_m3_per_d': 50.684605068508006, 'max_cap_store2pipe_M_m3_per_d': 31.150463380298053, 'max_workingGas_M_m3': 49.5237, 'name_short': 'Hajduszoboszlo', 'nuts_id_1': 'HU3', 'nuts_id_2': 'HU32', 'nuts_id_3': 'HU321'};{'eic_code': 0, 'facility_code': 0, 'max_cap_pipe2store_M_m3_per_d': 0.0, 'max_cap_store2pipe_M_m3_per_d': 0.0, 'max_workingGas_M_m3': 0, 'name_short': 0, 'nuts_id_1': 0, 'nuts_id_2': 0, 'nuts_id_3': 0};{'eic_code': 'raw', 'facility_code': 'raw', 'max_cap_pipe2store_M_m3_per_d': 'raw', 'max_cap_store2pipe_M_m3_per_d': 'raw', 'max_workingGas_M_m3': 'raw', 'name_short': 'raw', 'nuts_id_1': 'M_Consumers.add_Nuts_Num()', 'nuts_id_2': 'M_Consumers.add_Nuts_Num()', 'nuts_id_3': 'M_Consumers.add_Nuts_Num()'};{}
GIE_SR_107;UGS Szoereg-1;['GIE_SR_107'];['GIE_N_107'];46.302801;20.194969;HU;None;{'eic_code': '21X0000000013643', 'facility_code': '21W000000000086O', 'max_cap_pipe2store_M_m3_per_d': 23.522083692923324, 'max_cap_store2pipe_M_m3_per_d': 11.79403276311217, 'max_workingGas_M_m3': 20.1129, 'name_short': 'Szoereg1', 'nuts_id_1': 'HU3', 'nuts_id_2': 'HU33', 'nuts_id_3': 'HU333'};{'eic_code': 0, 'facility_code': 0, 'max_cap_pipe2store_M_m3_per_d': 0.0, 'max_cap_store2pipe_M_m3_per_d': 0.0, 'max_workingGas_M_m3': 0, 'name_short': 0, 'nuts_id_1': 0, 'nuts_id_2': 0, 'nuts_id_3': 0};{'eic_code': 'raw', 'facility_code': 'raw', 'max_cap_pipe2store_M_m3_per_d': 'raw', 'max_cap_store2pipe_M_m3_per_d': 'raw', 'max_workingGas_M_m3': 'raw', 'name_short': 'raw', 'nuts_id_1': 'M_Consumers.add_Nuts_Num()', 'nuts_id_2': 'M_Consumers.add_Nuts_Num()', 'nuts_id_3': 'M_Consumers.add_Nuts_Num()'};{}
GIE_SR_109;VGS Edison Stoccaggio (Collalto, Cellino, San Potito & Cotignola);['GIE_SR_109'];['GIE_N_109'];44.3;11.93;IT;None;{'eic_code': '21X0000000013651', 'facility_code': '21W000000000095N', 'max_cap_pipe2store_M_m3_per_d': 8.234532795966725, 'max_cap_store2pipe_M_m3_per_d': 6.804926407778057, 'max_workingGas_M_m3': 10.8381, 'name_short': 'Cellino', 'nuts_id_1': 'ITH', 'nuts_id_2': 'ITH5', 'nuts_id_3': 'ITH57'};{'eic_code': 0, 'facility_code': 0, 'max_cap_pipe2store_M_m3_per_d': 0.0, 'max_cap_store2pipe_M_m3_per_d': 0.0, 'max_workingGas_M_m3': 0, 'name_short': 0, 'nuts_id_1': 0, 'nuts_id_2': 0, 'nuts_id_3': 0};{'eic_code': 'raw', 'facility_code': 'raw', 'max_cap_pipe2store_M_m3_per_d': 'raw', 'max_cap_store2pipe_M_m3_per_d': 'raw', 'max_workingGas_M_m3': 'raw', 'name_short': 'raw', 'nuts_id_1': 'M_Consumers.add_Nuts_Num()', 'nuts_id_2': 'M_Consumers.add_Nuts_Num()', 'nuts_id_3': 'M_Consumers.add_Nuts_Num()'};{}
GIE_SR_110;UGS Cornegliano;['GIE_SR_110'];['GIE_N_110'];45.287745;9.462563;IT;None;{'eic_code': '59X4-IGSTORAGE-T', 'facility_code': '59W-IGSTORAGE-0Q', 'max_cap_pipe2store_M_m3_per_d': 1.9002767990692444, 'max_cap_store2pipe_M_m3_per_d': 1.5202214392553954, 'max_workingGas_M_m3': 1.5822, 'name_short': 'Cornegliano', 'nuts_id_1': 'ITC', 'nuts_id_2': 'ITC4', 'nuts_id_3': 'ITC49'};{'eic_code': 0, 'facility_code': 0, 'max_cap_pipe2store_M_m3_per_d': 0.0, 'max_cap_store2pipe_M_m3_per_d': 0.0, 'max_workingGas_M_m3': 0, 'name_short': 0, 'nuts_id_1': 0, 'nuts_id_2': 0, 'nuts_id_3': 0};{'eic_code': 'raw', 'facility_code': 'raw', 'max_cap_pipe2store_M_m3_per_d': 'raw', 'max_cap_store2pipe_M_m3_per_d': 'raw', 'max_workingGas_M_m3': 'raw', 'name_short': 'raw', 'nuts_id_1': 'M_Consumers.add_Nuts_Num()', 'nuts_id_2': 'M_Consumers.add_Nuts_Num()', 'nuts_id_3': 'M_Consumers.add_Nuts_Num()'};{}
GIE_SR_111;VGS STOGIT (Fiume Treste, Bordolano, Sabbioncello, Minerbio, Sergnano, Ripalta, Cortemaggiore, Brugherio, Settala);['GIE_SR_111'];['GIE_N_111'];44.991076;9.920891;IT;None;{'eic_code': '21X000000001250I', 'facility_code': '21Z000000000274I', 'max_cap_pipe2store_M_m3_per_d': 244.84274774007602, 'max_cap_store2pipe_M_m3_per_d': 140.90464489320712, 'max_workingGas_M_m3': 184.4595, 'name_short': 'Bordolano', 'nuts_id_1': 'ITH', 'nuts_id_2': 'ITH5', 'nuts_id_3': 'ITH51'};{'eic_code': 0, 'facility_code': 0, 'max_cap_pipe2store_M_m3_per_d': 0.0, 'max_cap_store2pipe_M_m3_per_d': 0.0, 'max_workingGas_M_m3': 0, 'name_short': 0, 'nuts_id_1': 0, 'nuts_id_2': 0, 'nuts_id_3': 0};{'eic_code': 'raw', 'facility_code': 'raw', 'max_cap_pipe2store_M_m3_per_d': 'raw', 'max_cap_store2pipe_M_m3_per_d': 'raw', 'max_workingGas_M_m3': 'raw', 'name_short': 'raw', 'nuts_id_1': 'M_Consumers.add_Nuts_Num()', 'nuts_id_2': 'M_Consumers.add_Nuts_Num()', 'nuts_id_3': 'M_Consumers.add_Nuts_Num()'};{}
GIE_SR_112;UGS Incukalns;['GIE_SR_112'];['GIE_N_112'];57.169567;24.696409;LV;None;{'eic_code': '21X000000001379R', 'facility_code': '21W000000000113A', 'max_cap_pipe2store_M_m3_per_d': 24.625299945716307, 'max_cap_store2pipe_M_m3_per_d': 15.745024941176974, 'max_workingGas_M_m3': 24.219, 'name_short': 'Incukalns', 'nuts_id_1': 'LV0', 'nuts_id_2': 'LV00', 'nuts_id_3': 'LV007'};{'eic_code': 0, 'facility_code': 0, 'max_cap_pipe2store_M_m3_per_d': 0.0, 'max_cap_store2pipe_M_m3_per_d': 0.0, 'max_workingGas_M_m3': 0, 'name_short': 0, 'nuts_id_1': 0, 'nuts_id_2': 0, 'nuts_id_3': 0};{'eic_code': 'raw', 'facility_code': 'raw', 'max_cap_pipe2store_M_m3_per_d': 'raw', 'max_cap_store2pipe_M_m3_per_d': 'raw', 'max_workingGas_M_m3': 'raw', 'name_short': 'raw', 'nuts_id_1': 'M_Consumers.add_Nuts_Num()', 'nuts_id_2': 'M_Consumers.add_Nuts_Num()', 'nuts_id_3': 'M_Consumers.add_Nuts_Num()'};{}
GIE_SR_113;UGS EnergyStock;['GIE_SR_113'];['GIE_N_113'];51.8;5.7;NL;None;{'eic_code': '21X000000001057C', 'facility_code': '21W000000000006B', 'max_cap_pipe2store_M_m3_per_d': 37.95451003029877, 'max_cap_store2pipe_M_m3_per_d': 22.689832835553187, 'max_workingGas_M_m3': 3.0078, 'name_short': 'EnergyStock', 'nuts_id_1': 'NL2', 'nuts_id_2': 'NL22', 'nuts_id_3': 'NL226'};{'eic_code': 0, 'facility_code': 0, 'max_cap_pipe2store_M_m3_per_d': 0.0, 'max_cap_store2pipe_M_m3_per_d': 0.0, 'max_workingGas_M_m3': 0, 'name_short': 0, 'nuts_id_1': 0, 'nuts_id_2': 0, 'nuts_id_3': 0};{'eic_code': 'raw', 'facility_code': 'raw', 'max_cap_pipe2store_M_m3_per_d': 'raw', 'max_cap_store2pipe_M_m3_per_d': 'raw', 'max_workingGas_M_m3': 'raw', 'name_short': 'raw', 'nuts_id_1': 'M_Consumers.add_Nuts_Num()', 'nuts_id_2': 'M_Consumers.add_Nuts_Num()', 'nuts_id_3': 'M_Consumers.add_Nuts_Num()'};{}
GIE_SR_114;UGS Grijpskerk;['GIE_SR_114'];['GIE_N_114'];53.278554;6.31028;NL;None;{'eic_code': '21X000000001075A', 'facility_code': '21W000000000001L', 'max_cap_pipe2store_M_m3_per_d': 63.28361619789257, 'max_cap_store2pipe_M_m3_per_d': 15.212771485882115, 'max_workingGas_M_m3': 27.6667, 'name_short': 'Grijpskerk', 'nuts_id_1': 'NL1', 'nuts_id_2': 'NL11', 'nuts_id_3': 'NL113'};{'eic_code': 0, 'facility_code': 0, 'max_cap_pipe2store_M_m3_per_d': 0.0, 'max_cap_store2pipe_M_m3_per_d': 0.0, 'max_workingGas_M_m3': 0, 'name_short': 0, 'nuts_id_1': 0, 'nuts_id_2': 0, 'nuts_id_3': 0};{'eic_code': 'raw', 'facility_code': 'raw', 'max_cap_pipe2store_M_m3_per_d': 'raw', 'max_cap_store2pipe_M_m3_per_d': 'raw', 'max_workingGas_M_m3': 'raw', 'name_short': 'raw', 'nuts_id_1': 'M_Consumers.add_Nuts_Num()', 'nuts_id_2': 'M_Consumers.add_Nuts_Num()', 'nuts_id_3': 'M_Consumers.add_Nuts_Num()'};{}
GIE_SR_115;UGS Norg (Langelo);['GIE_SR_115'];['GIE_N_115'];53.090774;6.430666;NL;None;{'eic_code': '21X000000001075A', 'facility_code': '21W000000000015A', 'max_cap_pipe2store_M_m3_per_d': 68.5208142464385, 'max_cap_store2pipe_M_m3_per_d': 39.4791302584409, 'max_workingGas_M_m3': 69.8056, 'name_short': 'Norg', 'nuts_id_1': 'NL1', 'nuts_id_2': 'NL13', 'nuts_id_3': 'NL131'};{'eic_code': 0, 'facility_code': 0, 'max_cap_pipe2store_M_m3_per_d': 0.0, 'max_cap_store2pipe_M_m3_per_d': 0.0, 'max_workingGas_M_m3': 0, 'name_short': 0, 'nuts_id_1': 0, 'nuts_id_2': 0, 'nuts_id_3': 0};{'eic_code': 'raw', 'facility_code': 'raw', 'max_cap_pipe2store_M_m3_per_d': 'raw', 'max_cap_store2pipe_M_m3_per_d': 'raw', 'max_workingGas_M_m3': 'raw', 'name_short': 'raw', 'nuts_id_1': 'M_Consumers.add_Nuts_Num()', 'nuts_id_2': 'M_Consumers.add_Nuts_Num()', 'nuts_id_3': 'M_Consumers.add_Nuts_Num()'};{}
GIE_SR_116;UGS Bergermeer;['GIE_SR_116'];['GIE_N_116'];52.639238;4.744591;NL;None;{'eic_code': '21X000000001120V', 'facility_code': '21W0000000000087', 'max_cap_pipe2store_M_m3_per_d': 55.63236280830682, 'max_cap_store2pipe_M_m3_per_d': 39.20024704302194, 'max_workingGas_M_m3': 48.1515, 'name_short': 'Bergermeer', 'nuts_id_1': 'NL3', 'nuts_id_2': 'NL32', 'nuts_id_3': 'NL328'};{'eic_code': 0, 'facility_code': 0, 'max_cap_pipe2store_M_m3_per_d': 0.0, 'max_cap_store2pipe_M_m3_per_d': 0.0, 'max_workingGas_M_m3': 0, 'name_short': 0, 'nuts_id_1': 0, 'nuts_id_2': 0, 'nuts_id_3': 0};{'eic_code': 'raw', 'facility_code': 'raw', 'max_cap_pipe2store_M_m3_per_d': 'raw', 'max_cap_store2pipe_M_m3_per_d': 'raw', 'max_workingGas_M_m3': 'raw', 'name_short': 'raw', 'nuts_id_1': 'M_Consumers.add_Nuts_Num()', 'nuts_id_2': 'M_Consumers.add_Nuts_Num()', 'nuts_id_3': 'M_Consumers.add_Nuts_Num()'};{}
GIE_SR_117;UGS Alkmaar;['GIE_SR_117'];['GIE_N_117'];52.650953;4.716946;NL;None;{'eic_code': '21X0000000013732', 'facility_code': '21W000000000002J', 'max_cap_pipe2store_M_m3_per_d': 32.15514676202818, 'max_cap_store2pipe_M_m3_per_d': 3.5726963338056485, 'max_workingGas_M_m3': 5.0764, 'name_short': 'Alkmaar', 'nuts_id_1': 'NL3', 'nuts_id_2': 'NL32', 'nuts_id_3': 'NL328'};{'eic_code': 0, 'facility_code': 0, 'max_cap_pipe2store_M_m3_per_d': 0.0, 'max_cap_store2pipe_M_m3_per_d': 0.0, 'max_workingGas_M_m3': 0, 'name_short': 0, 'nuts_id_1': 0, 'nuts_id_2': 0, 'nuts_id_3': 0};{'eic_code': 'raw', 'facility_code': 'raw', 'max_cap_pipe2store_M_m3_per_d': 'raw', 'max_cap_store2pipe_M_m3_per_d': 'raw', 'max_workingGas_M_m3': 'raw', 'name_short': 'raw', 'nuts_id_1': 'M_Consumers.add_Nuts_Num()', 'nuts_id_2': 'M_Consumers.add_Nuts_Num()', 'nuts_id_3': 'M_Consumers.add_Nuts_Num()'};{}
GIE_SR_119;UGS Wierzchowice;['GIE_SR_119'];['GIE_N_119'];51.475463;17.306302;PL;None;{'eic_code': '53XPL000000OSMP5', 'facility_code': '21Z000000000381H', 'max_cap_pipe2store_M_m3_per_d': 13.935363193174458, 'max_cap_store2pipe_M_m3_per_d': 9.45915562203357, 'max_workingGas_M_m3': 14.729, 'name_short': 'Wierzchowice', 'nuts_id_1': 'PL5', 'nuts_id_2': 'PL51', 'nuts_id_3': 'PL518'};{'eic_code': 0, 'facility_code': 0, 'max_cap_pipe2store_M_m3_per_d': 0.0, 'max_cap_store2pipe_M_m3_per_d': 0.0, 'max_workingGas_M_m3': 0, 'name_short': 0, 'nuts_id_1': 0, 'nuts_id_2': 0, 'nuts_id_3': 0};{'eic_code': 'raw', 'facility_code': 'raw', 'max_cap_pipe2store_M_m3_per_d': 'raw', 'max_cap_store2pipe_M_m3_per_d': 'raw', 'max_workingGas_M_m3': 'raw', 'name_short': 'raw', 'nuts_id_1': 'M_Consumers.add_Nuts_Num()', 'nuts_id_2': 'M_Consumers.add_Nuts_Num()', 'nuts_id_3': 'M_Consumers.add_Nuts_Num()'};{}
GIE_SR_120;VGS GIM Kawerna (Kosakowo, Mogilno);['GIE_SR_120'];['GIE_N_120'];54.606362;18.454148;PL;None;{'eic_code': '53XPL000000OSMP5', 'facility_code': '21Z000000000383D', 'max_cap_pipe2store_M_m3_per_d': 27.057830200080407, 'max_cap_store2pipe_M_m3_per_d': 11.762361483127682, 'max_workingGas_M_m3': 9.1907, 'name_short': 'Mogilno', 'nuts_id_1': 'PL6', 'nuts_id_2': 'PL63', 'nuts_id_3': 'PL634'};{'eic_code': 0, 'facility_code': 0, 'max_cap_pipe2store_M_m3_per_d': 0.0, 'max_cap_store2pipe_M_m3_per_d': 0.0, 'max_workingGas_M_m3': 0, 'name_short': 0, 'nuts_id_1': 0, 'nuts_id_2': 0, 'nuts_id_3': 0};{'eic_code': 'raw', 'facility_code': 'raw', 'max_cap_pipe2store_M_m3_per_d': 'raw', 'max_cap_store2pipe_M_m3_per_d': 'raw', 'max_workingGas_M_m3': 'raw', 'name_short': 'raw', 'nuts_id_1': 'M_Consumers.add_Nuts_Num()', 'nuts_id_2': 'M_Consumers.add_Nuts_Num()', 'nuts_id_3': 'M_Consumers.add_Nuts_Num()'};{}
GIE_SR_121;VGS GIM Sanok (Brzeznica, Husow, Strachocina, Swarzow);['GIE_SR_121'];['GIE_N_121'];49.62671;22.072274;PL;None;{'eic_code': '53XPL000000OSMP5', 'facility_code': '21Z000000000382F', 'max_cap_pipe2store_M_m3_per_d': 11.428053527735871, 'max_cap_store2pipe_M_m3_per_d': 9.132765486637881, 'max_workingGas_M_m3': 11.808, 'name_short': 'Brzeznica', 'nuts_id_1': 'PL8', 'nuts_id_2': 'PL82', 'nuts_id_3': 'PL821'};{'eic_code': 0, 'facility_code': 0, 'max_cap_pipe2store_M_m3_per_d': 0.0, 'max_cap_store2pipe_M_m3_per_d': 0.0, 'max_workingGas_M_m3': 0, 'name_short': 0, 'nuts_id_1': 0, 'nuts_id_2': 0, 'nuts_id_3': 0};{'eic_code': 'raw', 'facility_code': 'raw', 'max_cap_pipe2store_M_m3_per_d': 'raw', 'max_cap_store2pipe_M_m3_per_d': 'raw', 'max_workingGas_M_m3': 'raw', 'name_short': 'raw', 'nuts_id_1': 'M_Consumers.add_Nuts_Num()', 'nuts_id_2': 'M_Consumers.add_Nuts_Num()', 'nuts_id_3': 'M_Consumers.add_Nuts_Num()'};{}
GIE_SR_122;UGS Carrico;['GIE_SR_122'];['GIE_N_122'];39.983508;-8.85463;PT;None;{'eic_code': '21X0000000013627', 'facility_code': '16ZAS01--------8', 'max_cap_pipe2store_M_m3_per_d': 7.537764636308003, 'max_cap_store2pipe_M_m3_per_d': 2.1114186656324936, 'max_workingGas_M_m3': 3.68, 'name_short': 'Carrico', 'nuts_id_1': 'PT1', 'nuts_id_2': 'PT16', 'nuts_id_3': 'PT16F'};{'eic_code': 0, 'facility_code': 0, 'max_cap_pipe2store_M_m3_per_d': 0.0, 'max_cap_store2pipe_M_m3_per_d': 0.0, 'max_workingGas_M_m3': 0, 'name_short': 0, 'nuts_id_1': 0, 'nuts_id_2': 0, 'nuts_id_3': 0};{'eic_code': 'raw', 'facility_code': 'raw', 'max_cap_pipe2store_M_m3_per_d': 'raw', 'max_cap_store2pipe_M_m3_per_d': 'raw', 'max_workingGas_M_m3': 'raw', 'name_short': 'raw', 'nuts_id_1': 'M_Consumers.add_Nuts_Num()', 'nuts_id_2': 'M_Consumers.add_Nuts_Num()', 'nuts_id_3': 'M_Consumers.add_Nuts_Num()'};{}
GIE_SR_123;UGS Targu Mures;['GIE_SR_123'];['GIE_N_123'];46.565927;24.553105;RO;None;{'eic_code': '21X000000001300T', 'facility_code': '21Z000000000309P', 'max_cap_pipe2store_M_m3_per_d': 2.639273332040617, 'max_cap_store2pipe_M_m3_per_d': 2.4633217765712425, 'max_workingGas_M_m3': 3.2776, 'name_short': 'TarguMures', 'nuts_id_1': 'RO1', 'nuts_id_2': 'RO12', 'nuts_id_3': 'RO125'};{'eic_code': 0, 'facility_code': 0, 'max_cap_pipe2store_M_m3_per_d': 0.0, 'max_cap_store2pipe_M_m3_per_d': 0.0, 'max_workingGas_M_m3': 0, 'name_short': 0, 'nuts_id_1': 0, 'nuts_id_2': 0, 'nuts_id_3': 0};{'eic_code': 'raw', 'facility_code': 'raw', 'max_cap_pipe2store_M_m3_per_d': 'raw', 'max_cap_store2pipe_M_m3_per_d': 'raw', 'max_workingGas_M_m3': 'raw', 'name_short': 'raw', 'nuts_id_1': 'M_Consumers.add_Nuts_Num()', 'nuts_id_2': 'M_Consumers.add_Nuts_Num()', 'nuts_id_3': 'M_Consumers.add_Nuts_Num()'};{}
GIE_SR_124;UGS Balaceanca;['GIE_SR_124'];['GIE_N_124'];44.389969;26.310924;RO;None;{'eic_code': '21X-DEPOGAZ-AGSI', 'facility_code': '21Z0000000003111', 'max_cap_pipe2store_M_m3_per_d': 1.1595207505431777, 'max_cap_store2pipe_M_m3_per_d': 0.9659740395268659, 'max_workingGas_M_m3': 0.5452, 'name_short': 'Balaceanca', 'nuts_id_1': 'RO3', 'nuts_id_2': 'RO31', 'nuts_id_3': 'RO322'};{'eic_code': 0, 'facility_code': 0, 'max_cap_pipe2store_M_m3_per_d': 0.0, 'max_cap_store2pipe_M_m3_per_d': 0.0, 'max_workingGas_M_m3': 0, 'name_short': 0, 'nuts_id_1': 0, 'nuts_id_2': 0, 'nuts_id_3': 0};{'eic_code': 'raw', 'facility_code': 'raw', 'max_cap_pipe2store_M_m3_per_d': 'raw', 'max_cap_store2pipe_M_m3_per_d': 'raw', 'max_workingGas_M_m3': 'raw', 'name_short': 'raw', 'nuts_id_1': 'M_Consumers.add_Nuts_Num()', 'nuts_id_2': 'M_Consumers.add_Nuts_Num()', 'nuts_id_3': 'M_Consumers.add_Nuts_Num()'};{}
GIE_SR_125;UGS Bilciuresti;['GIE_SR_125'];['GIE_N_125'];44.690654;25.775177;RO;None;{'eic_code': '21X-DEPOGAZ-AGSI', 'facility_code': '21Z000000000313Y', 'max_cap_pipe2store_M_m3_per_d': 13.440939322305516, 'max_cap_store2pipe_M_m3_per_d': 9.600796624186417, 'max_workingGas_M_m3': 14.3263, 'name_short': 'Bilciuresti', 'nuts_id_1': 'RO3', 'nuts_id_2': 'RO31', 'nuts_id_3': 'RO313'};{'eic_code': 0, 'facility_code': 0, 'max_cap_pipe2store_M_m3_per_d': 0.0, 'max_cap_store2pipe_M_m3_per_d': 0.0, 'max_workingGas_M_m3': 0, 'name_short': 0, 'nuts_id_1': 0, 'nuts_id_2': 0, 'nuts_id_3': 0};{'eic_code': 'raw', 'facility_code': 'raw', 'max_cap_pipe2store_M_m3_per_d': 'raw', 'max_cap_store2pipe_M_m3_per_d': 'raw', 'max_workingGas_M_m3': 'raw', 'name_short': 'raw', 'nuts_id_1': 'M_Consumers.add_Nuts_Num()', 'nuts_id_2': 'M_Consumers.add_Nuts_Num()', 'nuts_id_3': 'M_Consumers.add_Nuts_Num()'};{}
GIE_SR_126;UGS Cetatea de Balta;['GIE_SR_126'];['GIE_N_126'];46.23695;24.208115;RO;None;{'eic_code': '21X-DEPOGAZ-AGSI', 'facility_code': '21Z000000000316S', 'max_cap_pipe2store_M_m3_per_d': 0.937821790651766, 'max_cap_store2pipe_M_m3_per_d': 1.875643581303532, 'max_workingGas_M_m3': 2.1318, 'name_short': 'CetateadeBalta', 'nuts_id_1': 'RO1', 'nuts_id_2': 'RO12', 'nuts_id_3': 'RO121'};{'eic_code': 0, 'facility_code': 0, 'max_cap_pipe2store_M_m3_per_d': 0.0, 'max_cap_store2pipe_M_m3_per_d': 0.0, 'max_workingGas_M_m3': 0, 'name_short': 0, 'nuts_id_1': 0, 'nuts_id_2': 0, 'nuts_id_3': 0};{'eic_code': 'raw', 'facility_code': 'raw', 'max_cap_pipe2store_M_m3_per_d': 'raw', 'max_cap_store2pipe_M_m3_per_d': 'raw', 'max_workingGas_M_m3': 'raw', 'name_short': 'raw', 'nuts_id_1': 'M_Consumers.add_Nuts_Num()', 'nuts_id_2': 'M_Consumers.add_Nuts_Num()', 'nuts_id_3': 'M_Consumers.add_Nuts_Num()'};{}
GIE_SR_127;UGS Ghercesti;['GIE_SR_127'];['GIE_N_127'];44.352658;23.886504;RO;None;{'eic_code': '21X-DEPOGAZ-AGSI', 'facility_code': '21Z000000000315U', 'max_cap_pipe2store_M_m3_per_d': 1.8826816435223066, 'max_cap_store2pipe_M_m3_per_d': 1.8826816435223066, 'max_workingGas_M_m3': 1.6343, 'name_short': 'Ghercesti', 'nuts_id_1': 'RO4', 'nuts_id_2': 'RO41', 'nuts_id_3': 'RO411'};{'eic_code': 0, 'facility_code': 0, 'max_cap_pipe2store_M_m3_per_d': 0.0, 'max_cap_store2pipe_M_m3_per_d': 0.0, 'max_workingGas_M_m3': 0, 'name_short': 0, 'nuts_id_1': 0, 'nuts_id_2': 0, 'nuts_id_3': 0};{'eic_code': 'raw', 'facility_code': 'raw', 'max_cap_pipe2store_M_m3_per_d': 'raw', 'max_cap_store2pipe_M_m3_per_d': 'raw', 'max_workingGas_M_m3': 'raw', 'name_short': 'raw', 'nuts_id_1': 'M_Consumers.add_Nuts_Num()', 'nuts_id_2': 'M_Consumers.add_Nuts_Num()', 'nuts_id_3': 'M_Consumers.add_Nuts_Num()'};{}
GIE_SR_128;UGS Sarma?el;['GIE_SR_128'];['GIE_N_128'];46.782414;24.183885;RO;None;{'eic_code': '21X-DEPOGAZ-AGSI', 'facility_code': '21Z000000000314W', 'max_cap_pipe2store_M_m3_per_d': 6.980877963247432, 'max_cap_store2pipe_M_m3_per_d': 6.05009423481444, 'max_workingGas_M_m3': 9.5987, 'name_short': 'Sarmael', 'nuts_id_1': 'RO1', 'nuts_id_2': 'RO12', 'nuts_id_3': 'RO125'};{'eic_code': 0, 'facility_code': 0, 'max_cap_pipe2store_M_m3_per_d': 0.0, 'max_cap_store2pipe_M_m3_per_d': 0.0, 'max_workingGas_M_m3': 0, 'name_short': 0, 'nuts_id_1': 0, 'nuts_id_2': 0, 'nuts_id_3': 0};{'eic_code': 'raw', 'facility_code': 'raw', 'max_cap_pipe2store_M_m3_per_d': 'raw', 'max_cap_store2pipe_M_m3_per_d': 'raw', 'max_workingGas_M_m3': 'raw', 'name_short': 'raw', 'nuts_id_1': 'M_Consumers.add_Nuts_Num()', 'nuts_id_2': 'M_Consumers.add_Nuts_Num()', 'nuts_id_3': 'M_Consumers.add_Nuts_Num()'};{}
GIE_SR_129;UGS Urziceni;['GIE_SR_129'];['GIE_N_129'];44.720131;26.60623;RO;None;{'eic_code': '21X-DEPOGAZ-AGSI', 'facility_code': '21Z0000000003103', 'max_cap_pipe2store_M_m3_per_d': 4.412865011171911, 'max_cap_store2pipe_M_m3_per_d': 2.941910007447941, 'max_workingGas_M_m3': 4.0168, 'name_short': 'Urziceni', 'nuts_id_1': 'RO3', 'nuts_id_2': 'RO31', 'nuts_id_3': 'RO315'};{'eic_code': 0, 'facility_code': 0, 'max_cap_pipe2store_M_m3_per_d': 0.0, 'max_cap_store2pipe_M_m3_per_d': 0.0, 'max_workingGas_M_m3': 0, 'name_short': 0, 'nuts_id_1': 0, 'nuts_id_2': 0, 'nuts_id_3': 0};{'eic_code': 'raw', 'facility_code': 'raw', 'max_cap_pipe2store_M_m3_per_d': 'raw', 'max_cap_store2pipe_M_m3_per_d': 'raw', 'max_workingGas_M_m3': 'raw', 'name_short': 'raw', 'nuts_id_1': 'M_Consumers.add_Nuts_Num()', 'nuts_id_2': 'M_Consumers.add_Nuts_Num()', 'nuts_id_3': 'M_Consumers.add_Nuts_Num()'};{}
GIE_SR_130;UGS Skallen;['GIE_SR_130'];['GIE_N_130'];56.798359;12.863828;SE;None;{'eic_code': '21X-SE-A-A0A0A-F', 'facility_code': '21W0000000000435', 'max_cap_pipe2store_M_m3_per_d': 0.7706678129558602, 'max_cap_store2pipe_M_m3_per_d': 0.7741868440652477, 'max_workingGas_M_m3': 0.105, 'name_short': 'Skallen', 'nuts_id_1': 'SE2', 'nuts_id_2': 'SE23', 'nuts_id_3': 'SE231'};{'eic_code': 0, 'facility_code': 0, 'max_cap_pipe2store_M_m3_per_d': 0.0, 'max_cap_store2pipe_M_m3_per_d': 0.0, 'max_workingGas_M_m3': 0, 'name_short': 0, 'nuts_id_1': 0, 'nuts_id_2': 0, 'nuts_id_3': 0};{'eic_code': 'raw', 'facility_code': 'raw', 'max_cap_pipe2store_M_m3_per_d': 'raw', 'max_cap_store2pipe_M_m3_per_d': 'raw', 'max_workingGas_M_m3': 'raw', 'name_short': 'raw', 'nuts_id_1': 'M_Consumers.add_Nuts_Num()', 'nuts_id_2': 'M_Consumers.add_Nuts_Num()', 'nuts_id_3': 'M_Consumers.add_Nuts_Num()'};{}
GIE_SR_133;UGS Bilche-Volytsko-Uherske;['GIE_SR_133'];['GIE_N_133'];49.267;23.99;UA;None;{'eic_code': '21X0000000013279', 'facility_code': '56W-UGS-BILCHE-4', 'max_cap_pipe2store_M_m3_per_d': 120.35086394105214, 'max_cap_store2pipe_M_m3_per_d': 112.06618495177663, 'max_workingGas_M_m3': 194.37, 'name_short': 'BilcheVolytskoUherske', 'nuts_id_1': 'UA', 'nuts_id_2': 'UA', 'nuts_id_3': 'UA'};{'eic_code': 0, 'facility_code': 0, 'max_cap_pipe2store_M_m3_per_d': 0.0, 'max_cap_store2pipe_M_m3_per_d': 0.0, 'max_workingGas_M_m3': 0, 'name_short': 0, 'nuts_id_1': 0, 'nuts_id_2': 0, 'nuts_id_3': 0};{'eic_code': 'raw', 'facility_code': 'raw', 'max_cap_pipe2store_M_m3_per_d': 'raw', 'max_cap_store2pipe_M_m3_per_d': 'raw', 'max_workingGas_M_m3': 'raw', 'name_short': 'raw', 'nuts_id_1': 'M_Consumers.add_Nuts_Num()', 'nuts_id_2': 'M_Consumers.add_Nuts_Num()', 'nuts_id_3': 'M_Consumers.add_Nuts_Num()'};{}
GIE_SR_134;UGS Bohorodchanske;['GIE_SR_134'];['GIE_N_134'];48.802;24.54;UA;None;{'eic_code': '21X0000000013279', 'facility_code': '56W-UGS-BOHORO-4', 'max_cap_pipe2store_M_m3_per_d': 48.49488796069164, 'max_cap_store2pipe_M_m3_per_d': 50.14619330877172, 'max_workingGas_M_m3': 26.22, 'name_short': 'Bohorodchanske', 'nuts_id_1': 'UA', 'nuts_id_2': 'UA', 'nuts_id_3': 'UA'};{'eic_code': 0, 'facility_code': 0, 'max_cap_pipe2store_M_m3_per_d': 0.0, 'max_cap_store2pipe_M_m3_per_d': 0.0, 'max_workingGas_M_m3': 0, 'name_short': 0, 'nuts_id_1': 0, 'nuts_id_2': 0, 'nuts_id_3': 0};{'eic_code': 'raw', 'facility_code': 'raw', 'max_cap_pipe2store_M_m3_per_d': 'raw', 'max_cap_store2pipe_M_m3_per_d': 'raw', 'max_workingGas_M_m3': 'raw', 'name_short': 'raw', 'nuts_id_1': 'M_Consumers.add_Nuts_Num()', 'nuts_id_2': 'M_Consumers.add_Nuts_Num()', 'nuts_id_3': 'M_Consumers.add_Nuts_Num()'};{}
GIE_SR_135;UGS Chervonopartyzanske;['GIE_SR_135'];['GIE_N_135'];48.723;34.666;UA;None;{'eic_code': '21X0000000013279', 'facility_code': '56W-UGS-CHERVO-W', 'max_cap_pipe2store_M_m3_per_d': 11.828343316428697, 'max_cap_store2pipe_M_m3_per_d': 16.046781858806952, 'max_workingGas_M_m3': 17.1, 'name_short': 'Chervonopartyzanske', 'nuts_id_1': 'UA', 'nuts_id_2': 'UA', 'nuts_id_3': 'UA'};{'eic_code': 0, 'facility_code': 0, 'max_cap_pipe2store_M_m3_per_d': 0.0, 'max_cap_store2pipe_M_m3_per_d': 0.0, 'max_workingGas_M_m3': 0, 'name_short': 0, 'nuts_id_1': 0, 'nuts_id_2': 0, 'nuts_id_3': 0};{'eic_code': 'raw', 'facility_code': 'raw', 'max_cap_pipe2store_M_m3_per_d': 'raw', 'max_cap_store2pipe_M_m3_per_d': 'raw', 'max_workingGas_M_m3': 'raw', 'name_short': 'raw', 'nuts_id_1': 'M_Consumers.add_Nuts_Num()', 'nuts_id_2': 'M_Consumers.add_Nuts_Num()', 'nuts_id_3': 'M_Consumers.add_Nuts_Num()'};{}
GIE_SR_136;UGS Dashavske;['GIE_SR_136'];['GIE_N_136'];49.267;24.235;UA;None;{'eic_code': '21X0000000013279', 'facility_code': '56W-UGS-DASHAV-S', 'max_cap_pipe2store_M_m3_per_d': 26.076020520561293, 'max_cap_store2pipe_M_m3_per_d': 26.076020520561293, 'max_workingGas_M_m3': 24.51, 'name_short': 'Dashavske', 'nuts_id_1': 'UA', 'nuts_id_2': 'UA', 'nuts_id_3': 'UA'};{'eic_code': 0, 'facility_code': 0, 'max_cap_pipe2store_M_m3_per_d': 0.0, 'max_cap_store2pipe_M_m3_per_d': 0.0, 'max_workingGas_M_m3': 0, 'name_short': 0, 'nuts_id_1': 0, 'nuts_id_2': 0, 'nuts_id_3': 0};{'eic_code': 'raw', 'facility_code': 'raw', 'max_cap_pipe2store_M_m3_per_d': 'raw', 'max_cap_store2pipe_M_m3_per_d': 'raw', 'max_workingGas_M_m3': 'raw', 'name_short': 'raw', 'nuts_id_1': 'M_Consumers.add_Nuts_Num()', 'nuts_id_2': 'M_Consumers.add_Nuts_Num()', 'nuts_id_3': 'M_Consumers.add_Nuts_Num()'};{}
GIE_SR_137;UGS Kehychivske;['GIE_SR_137'];['GIE_N_137'];49.46;37.5;UA;None;{'eic_code': '21X0000000013279', 'facility_code': '56W-UGS-KEHYCH-X', 'max_cap_pipe2store_M_m3_per_d': 8.524852862491194, 'max_cap_store2pipe_M_m3_per_d': 9.026314795578909, 'max_workingGas_M_m3': 7.98, 'name_short': 'Kehychivske', 'nuts_id_1': 'UA', 'nuts_id_2': 'UA', 'nuts_id_3': 'UA'};{'eic_code': 0, 'facility_code': 0, 'max_cap_pipe2store_M_m3_per_d': 0.0, 'max_cap_store2pipe_M_m3_per_d': 0.0, 'max_workingGas_M_m3': 0, 'name_short': 0, 'nuts_id_1': 0, 'nuts_id_2': 0, 'nuts_id_3': 0};{'eic_code': 'raw', 'facility_code': 'raw', 'max_cap_pipe2store_M_m3_per_d': 'raw', 'max_cap_store2pipe_M_m3_per_d': 'raw', 'max_workingGas_M_m3': 'raw', 'name_short': 'raw', 'nuts_id_1': 'M_Consumers.add_Nuts_Num()', 'nuts_id_2': 'M_Consumers.add_Nuts_Num()', 'nuts_id_3': 'M_Consumers.add_Nuts_Num()'};{}
GIE_SR_138;UGS Krasnopopivske;['GIE_SR_138'];['GIE_N_138'];49.46;37.6;UA;None;{'eic_code': '21X0000000013279', 'facility_code': '56W-UGS-KRPOPY-Q', 'max_cap_pipe2store_M_m3_per_d': 5.0146193308771725, 'max_cap_store2pipe_M_m3_per_d': 5.0146193308771725, 'max_workingGas_M_m3': 4.788, 'name_short': 'Krasnopopivske', 'nuts_id_1': 'UA', 'nuts_id_2': 'UA', 'nuts_id_3': 'UA'};{'eic_code': 0, 'facility_code': 0, 'max_cap_pipe2store_M_m3_per_d': 0.0, 'max_cap_store2pipe_M_m3_per_d': 0.0, 'max_workingGas_M_m3': 0, 'name_short': 0, 'nuts_id_1': 0, 'nuts_id_2': 0, 'nuts_id_3': 0};{'eic_code': 'raw', 'facility_code': 'raw', 'max_cap_pipe2store_M_m3_per_d': 'raw', 'max_cap_store2pipe_M_m3_per_d': 'raw', 'max_workingGas_M_m3': 'raw', 'name_short': 'raw', 'nuts_id_1': 'M_Consumers.add_Nuts_Num()', 'nuts_id_2': 'M_Consumers.add_Nuts_Num()', 'nuts_id_3': 'M_Consumers.add_Nuts_Num()'};{}
GIE_SR_139;UGS Olyshivske;['GIE_SR_139'];['GIE_N_139'];49.46;37.7;UA;None;{'eic_code': '21X0000000013279', 'facility_code': '56W-UGS-OLYSHI-5', 'max_cap_pipe2store_M_m3_per_d': 2.005847732350869, 'max_cap_store2pipe_M_m3_per_d': 2.1061401189684124, 'max_workingGas_M_m3': 3.534, 'name_short': 'Olyshivske', 'nuts_id_1': 'UA', 'nuts_id_2': 'UA', 'nuts_id_3': 'UA'};{'eic_code': 0, 'facility_code': 0, 'max_cap_pipe2store_M_m3_per_d': 0.0, 'max_cap_store2pipe_M_m3_per_d': 0.0, 'max_workingGas_M_m3': 0, 'name_short': 0, 'nuts_id_1': 0, 'nuts_id_2': 0, 'nuts_id_3': 0};{'eic_code': 'raw', 'facility_code': 'raw', 'max_cap_pipe2store_M_m3_per_d': 'raw', 'max_cap_store2pipe_M_m3_per_d': 'raw', 'max_workingGas_M_m3': 'raw', 'name_short': 'raw', 'nuts_id_1': 'M_Consumers.add_Nuts_Num()', 'nuts_id_2': 'M_Consumers.add_Nuts_Num()', 'nuts_id_3': 'M_Consumers.add_Nuts_Num()'};{}
GIE_SR_140;UGS Oparske;['GIE_SR_140'];['GIE_N_140'];49.44;23.6;UA;None;{'eic_code': '21X0000000013279', 'facility_code': '56W-UGS-OPARSK-2', 'max_cap_pipe2store_M_m3_per_d': 21.061401189684123, 'max_cap_store2pipe_M_m3_per_d': 21.061401189684123, 'max_workingGas_M_m3': 21.888, 'name_short': 'Oparske', 'nuts_id_1': 'UA', 'nuts_id_2': 'UA', 'nuts_id_3': 'UA'};{'eic_code': 0, 'facility_code': 0, 'max_cap_pipe2store_M_m3_per_d': 0.0, 'max_cap_store2pipe_M_m3_per_d': 0.0, 'max_workingGas_M_m3': 0, 'name_short': 0, 'nuts_id_1': 0, 'nuts_id_2': 0, 'nuts_id_3': 0};{'eic_code': 'raw', 'facility_code': 'raw', 'max_cap_pipe2store_M_m3_per_d': 'raw', 'max_cap_store2pipe_M_m3_per_d': 'raw', 'max_workingGas_M_m3': 'raw', 'name_short': 'raw', 'nuts_id_1': 'M_Consumers.add_Nuts_Num()', 'nuts_id_2': 'M_Consumers.add_Nuts_Num()', 'nuts_id_3': 'M_Consumers.add_Nuts_Num()'};{}
GIE_SR_141;UGS Proletarske;['GIE_SR_141'];['GIE_N_141'];49.0202;35.16;UA;None;{'eic_code': '21X0000000013279', 'facility_code': '56W-UGS-PROLET-T', 'max_cap_pipe2store_M_m3_per_d': 10.029238661754345, 'max_cap_store2pipe_M_m3_per_d': 10.029238661754345, 'max_workingGas_M_m3': 11.4, 'name_short': 'Proletarske', 'nuts_id_1': 'UA', 'nuts_id_2': 'UA', 'nuts_id_3': 'UA'};{'eic_code': 0, 'facility_code': 0, 'max_cap_pipe2store_M_m3_per_d': 0.0, 'max_cap_store2pipe_M_m3_per_d': 0.0, 'max_workingGas_M_m3': 0, 'name_short': 0, 'nuts_id_1': 0, 'nuts_id_2': 0, 'nuts_id_3': 0};{'eic_code': 'raw', 'facility_code': 'raw', 'max_cap_pipe2store_M_m3_per_d': 'raw', 'max_cap_store2pipe_M_m3_per_d': 'raw', 'max_workingGas_M_m3': 'raw', 'name_short': 'raw', 'nuts_id_1': 'M_Consumers.add_Nuts_Num()', 'nuts_id_2': 'M_Consumers.add_Nuts_Num()', 'nuts_id_3': 'M_Consumers.add_Nuts_Num()'};{}
GIE_SR_142;UGS Solokhivske;['GIE_SR_142'];['GIE_N_142'];49.46;37.8;UA;None;{'eic_code': '21X0000000013279', 'facility_code': '56W-UGS-SOLOKH-4', 'max_cap_pipe2store_M_m3_per_d': 7.923098542785932, 'max_cap_store2pipe_M_m3_per_d': 13.038010260280647, 'max_workingGas_M_m3': 14.82, 'name_short': 'Solokhivske', 'nuts_id_1': 'UA', 'nuts_id_2': 'UA', 'nuts_id_3': 'UA'};{'eic_code': 0, 'facility_code': 0, 'max_cap_pipe2store_M_m3_per_d': 0.0, 'max_cap_store2pipe_M_m3_per_d': 0.0, 'max_workingGas_M_m3': 0, 'name_short': 0, 'nuts_id_1': 0, 'nuts_id_2': 0, 'nuts_id_3': 0};{'eic_code': 'raw', 'facility_code': 'raw', 'max_cap_pipe2store_M_m3_per_d': 'raw', 'max_cap_store2pipe_M_m3_per_d': 'raw', 'max_workingGas_M_m3': 'raw', 'name_short': 'raw', 'nuts_id_1': 'M_Consumers.add_Nuts_Num()', 'nuts_id_2': 'M_Consumers.add_Nuts_Num()', 'nuts_id_3': 'M_Consumers.add_Nuts_Num()'};{}
GIE_SR_143;UGS Uherske (XIV-XV);['GIE_SR_143'];['GIE_N_133'];49.267;23.99;UA;None;{'eic_code': '21X0000000013279', 'facility_code': '56W-UGS-UHERSK-N', 'max_cap_pipe2store_M_m3_per_d': 23.06724892203499, 'max_cap_store2pipe_M_m3_per_d': 23.06724892203499, 'max_workingGas_M_m3': 21.66, 'name_short': 'Uherske(XIVXV)', 'nuts_id_1': 'UA', 'nuts_id_2': 'UA', 'nuts_id_3': 'UA'};{'eic_code': 0, 'facility_code': 0, 'max_cap_pipe2store_M_m3_per_d': 0.0, 'max_cap_store2pipe_M_m3_per_d': 0.0, 'max_workingGas_M_m3': 0, 'name_short': 0, 'nuts_id_1': 0, 'nuts_id_2': 0, 'nuts_id_3': 0};{'eic_code': 'raw', 'facility_code': 'raw', 'max_cap_pipe2store_M_m3_per_d': 'raw', 'max_cap_store2pipe_M_m3_per_d': 'raw', 'max_workingGas_M_m3': 'raw', 'name_short': 'raw', 'nuts_id_1': 'M_Consumers.add_Nuts_Num()', 'nuts_id_2': 'M_Consumers.add_Nuts_Num()', 'nuts_id_3': 'M_Consumers.add_Nuts_Num()'};{}
GIE_SR_144;UGS Verhunske;['GIE_SR_144'];['GIE_N_144'];49.46;37.9;UA;None;{'eic_code': '21X0000000013279', 'facility_code': '56W-UGS-VERHUN-S', 'max_cap_pipe2store_M_m3_per_d': 5.0146193308771725, 'max_cap_store2pipe_M_m3_per_d': 4.011695464701738, 'max_workingGas_M_m3': 4.56, 'name_short': 'Verhunske', 'nuts_id_1': 'UA', 'nuts_id_2': 'UA', 'nuts_id_3': 'UA'};{'eic_code': 0, 'facility_code': 0, 'max_cap_pipe2store_M_m3_per_d': 0.0, 'max_cap_store2pipe_M_m3_per_d': 0.0, 'max_workingGas_M_m3': 0, 'name_short': 0, 'nuts_id_1': 0, 'nuts_id_2': 0, 'nuts_id_3': 0};{'eic_code': 'raw', 'facility_code': 'raw', 'max_cap_pipe2store_M_m3_per_d': 'raw', 'max_cap_store2pipe_M_m3_per_d': 'raw', 'max_workingGas_M_m3': 'raw', 'name_short': 'raw', 'nuts_id_1': 'M_Consumers.add_Nuts_Num()', 'nuts_id_2': 'M_Consumers.add_Nuts_Num()', 'nuts_id_3': 'M_Consumers.add_Nuts_Num()'};{}
